province,commune,zone,colline,type
BUHUMUZA,Butaganzwa,Bisinde,Bisinde,colline
BUHUMUZA,Butaganzwa,Bisinde,Bugarama,colline
BUHUMUZA,Butaganzwa,Bisinde,Karambi,colline
BUHUMUZA,Butaganzwa,Bisinde,Kazimya,colline
BUHUMUZA,Butaganzwa,Bisinde,Nyabigugo,colline
BUHUMUZA,Butaganzwa,Bisinde,Rutimbura,colline
BUHUMUZA,Butaganzwa,Bisinde,Rutonganyikwa,colline
BUHUMUZA,Butaganzwa,Biyorwa,Biyorwa,colline
BUHUMUZA,Butaganzwa,Biyorwa,Burenza,colline
BUHUMUZA,Butaganzwa,Biyorwa,Masazi,colline
BUHUMUZA,Butaganzwa,Biyorwa,Mihama,colline
BUHUMUZA,Butaganzwa,Biyorwa,Mpame,colline
BUHUMUZA,Butaganzwa,Biyorwa,Nyamugari,colline
BUHUMUZA,Butaganzwa,Biyorwa,Nyarubabi,colline
BUHUMUZA,Butaganzwa,Biyorwa,Rugata,colline
BUHUMUZA,Butaganzwa,Biyorwa,Taba,colline
BUHUMUZA,Butaganzwa,Mugege,Bigera,colline
BUHUMUZA,Butaganzwa,Mugege,Caragata,colline
BUHUMUZA,Butaganzwa,Mugege,Gakonko,colline
BUHUMUZA,Butaganzwa,Mugege,Kivumu,colline
BUHUMUZA,Butaganzwa,Mugege,Mpungwe,colline
BUHUMUZA,Butaganzwa,Mugege,Mugege,colline
BUHUMUZA,Butaganzwa,Mugege,Muhene,colline
BUHUMUZA,Butaganzwa,Mugege,Musenga,colline
BUHUMUZA,Butaganzwa,Mugege,Nyangurube,colline
BUHUMUZA,Butaganzwa,Mugege,Nyankende,colline
BUHUMUZA,Butaganzwa,Mugege,Rubambagire,colline
BUHUMUZA,Butaganzwa,Muriza,Bartye,colline
BUHUMUZA,Butaganzwa,Muriza,Gasasa,colline
BUHUMUZA,Butaganzwa,Muriza,Gikwiye,colline
BUHUMUZA,Butaganzwa,Muriza,Gishubi,colline
BUHUMUZA,Butaganzwa,Muriza,Kanyinya,colline
BUHUMUZA,Butaganzwa,Muriza,Kirambi,colline
BUHUMUZA,Butaganzwa,Muriza,Kiyabu,colline
BUHUMUZA,Butaganzwa,Muriza,Muriza,colline
BUHUMUZA,Butaganzwa,Muriza,Nyaburondwe,colline
BUHUMUZA,Butaganzwa,Muriza,Nyamiyaga,colline
BUHUMUZA,Butaganzwa,Muriza,Nyarurambi,colline
BUHUMUZA,Butaganzwa,Rugongo,Kirangara,colline
BUHUMUZA,Butaganzwa,Rugongo,Kivoga,colline
BUHUMUZA,Butaganzwa,Rugongo,Kizigama,colline
BUHUMUZA,Butaganzwa,Rugongo,Maramvya,colline
BUHUMUZA,Butaganzwa,Rugongo,Nyagashubi,colline
BUHUMUZA,Butaganzwa,Rugongo,Nyange,colline
BUHUMUZA,Butaganzwa,Rugongo,Rugongo,colline
BUHUMUZA,Butihinda,Butarugera,Buhorana,colline
BUHUMUZA,Butihinda,Butarugera,Kavumu,colline
BUHUMUZA,Butihinda,Butarugera,Kinyuku,colline
BUHUMUZA,Butihinda,Butarugera,Kobero,colline
BUHUMUZA,Butihinda,Butarugera,Ntaruka,colline
BUHUMUZA,Butihinda,Butarugera,Rabiro,colline
BUHUMUZA,Butihinda,Butarugera,Tangara,colline
BUHUMUZA,Butihinda,Butarugera,Wingoma,colline
BUHUMUZA,Butihinda,Butihinda,Bucamihigo,colline
BUHUMUZA,Butihinda,Butihinda,Butihinda,colline
BUHUMUZA,Butihinda,Butihinda,Maramvya,colline
BUHUMUZA,Butihinda,Butihinda,Munyinya,colline
BUHUMUZA,Butihinda,Butihinda,Ngara,colline
BUHUMUZA,Butihinda,Butihinda,Rukira,colline
BUHUMUZA,Butihinda,Butihinda,Rushombo,colline
BUHUMUZA,Butihinda,Burambira,Burambira,colline
BUHUMUZA,Butihinda,Burambira,Burenza,colline
BUHUMUZA,Butihinda,Burambira,Gikingo,colline
BUHUMUZA,Butihinda,Burambira,Gisabazuba,colline
BUHUMUZA,Butihinda,Burambira,Migwa,colline
BUHUMUZA,Butihinda,Burambira,Nyarushanga,colline
BUHUMUZA,Butihinda,Buvumbi,Buvumbi,colline
BUHUMUZA,Butihinda,Buvumbi,Gahahe,colline
BUHUMUZA,Butihinda,Buvumbi,Gitega,colline
BUHUMUZA,Butihinda,Buvumbi,Masaka,colline
BUHUMUZA,Butihinda,Buvumbi,Nyamihondi,colline
BUHUMUZA,Butihinda,Buvumbi,Zaga,colline
BUHUMUZA,Butihinda,Gashoho,Bwisha,colline
BUHUMUZA,Butihinda,Gashoho,Cihonda,colline
BUHUMUZA,Butihinda,Gashoho,Gashoho,colline
BUHUMUZA,Butihinda,Gashoho,Gishambusha,colline
BUHUMUZA,Butihinda,Gashoho,Gitwa,colline
BUHUMUZA,Butihinda,Gashoho,Kagari,colline
BUHUMUZA,Butihinda,Gashoho,Kinyami,colline
BUHUMUZA,Butihinda,Gashoho,Muruta,colline
BUHUMUZA,Butihinda,Gashoho,Muyange,colline
BUHUMUZA,Butihinda,Gashoho,Nkohwa,colline
BUHUMUZA,Butihinda,Gisanze,Bonero,colline
BUHUMUZA,Butihinda,Gisanze,Busasa,colline
BUHUMUZA,Butihinda,Gisanze,Gisebeyi,colline
BUHUMUZA,Butihinda,Gisanze,Muzingi,colline
BUHUMUZA,Butihinda,Gisanze,Rugerero,colline
BUHUMUZA,Butihinda,Giteranyi,Bisiga,colline
BUHUMUZA,Butihinda,Giteranyi,Gasenyi,colline
BUHUMUZA,Butihinda,Giteranyi,Giteranyi,colline
BUHUMUZA,Butihinda,Giteranyi,Karugunda,colline
BUHUMUZA,Butihinda,Giteranyi,Nonwe,colline
BUHUMUZA,Butihinda,Giteranyi,Rugese,colline
BUHUMUZA,Butihinda,Giteranyi,Rukungere,colline
BUHUMUZA,Butihinda,Giteranyi,Rumandari,colline
BUHUMUZA,Butihinda,Giteranyi,Shoza,colline
BUHUMUZA,Butihinda,Kamaramagambo,Cagizo,colline
BUHUMUZA,Butihinda,Kamaramagambo,Gatwenzi,colline
BUHUMUZA,Butihinda,Kamaramagambo,Kamaramagambo,colline
BUHUMUZA,Butihinda,Kamaramagambo,Kibande,colline
BUHUMUZA,Butihinda,Kamaramagambo,Kinonora,colline
BUHUMUZA,Butihinda,Kamaramagambo,Maruri,colline
BUHUMUZA,Butihinda,Kamaramagambo,Mugongo,colline
BUHUMUZA,Butihinda,Kamaramagambo,Murehe,colline
BUHUMUZA,Butihinda,Kamaramagambo,Rwamfu,colline
BUHUMUZA,Butihinda,Masaka,Cagakori,colline
BUHUMUZA,Butihinda,Masaka,Kayove,colline
BUHUMUZA,Butihinda,Masaka,Kijumbura,colline
BUHUMUZA,Butihinda,Masaka,Masaka,colline
BUHUMUZA,Butihinda,Masaka,Ngomo,colline
BUHUMUZA,Butihinda,Masaka,Nzove,colline
BUHUMUZA,Butihinda,Masaka,Rukusha,colline
BUHUMUZA,Butihinda,Mugano,Kabogo,colline
BUHUMUZA,Butihinda,Mugano,Mangoma,colline
BUHUMUZA,Butihinda,Mugano,Mika,colline
BUHUMUZA,Butihinda,Mugano,Mugano,colline
BUHUMUZA,Butihinda,Mugano,Mukoni,colline
BUHUMUZA,Butihinda,Mugano,Ndava,colline
BUHUMUZA,Butihinda,Mugano,Rubenga,colline
BUHUMUZA,Butihinda,Nyagatovu,Bunyarukiga,colline
BUHUMUZA,Butihinda,Nyagatovu,Buvumbi,colline
BUHUMUZA,Butihinda,Nyagatovu,Kobero,colline
BUHUMUZA,Butihinda,Nyagatovu,Murama,colline
BUHUMUZA,Butihinda,Nyagatovu,Musama,colline
BUHUMUZA,Butihinda,Nyagatovu,Gitaramuka,colline
BUHUMUZA,Butihinda,Nyagatovu,Nyagatovu,colline
BUHUMUZA,Butihinda,Ruzo,Bugoma,colline
BUHUMUZA,Butihinda,Ruzo,Kabira,colline
BUHUMUZA,Butihinda,Ruzo,Kagugo,colline
BUHUMUZA,Butihinda,Ruzo,Kidasha,colline
BUHUMUZA,Butihinda,Ruzo,Rusenyi,colline
BUHUMUZA,Butihinda,Ruzo,Ruzo,colline
BUHUMUZA,Butihinda,Ruzo,Vumasi,colline
BUHUMUZA,Butihinda,Tura,Buhangara,colline
BUHUMUZA,Butihinda,Tura,Gakoni,colline
BUHUMUZA,Butihinda,Tura,Kinanira,colline
BUHUMUZA,Butihinda,Tura,Kinyami,colline
BUHUMUZA,Butihinda,Tura,Mibakwe,colline
BUHUMUZA,Butihinda,Tura,Mihigo,colline
BUHUMUZA,Butihinda,Tura,Murama,colline
BUHUMUZA,Butihinda,Tura,Tura,colline
BUHUMUZA,Cankuzo,Cankuzo,Cankuzo,colline
BUHUMUZA,Cankuzo,Cankuzo,Gatungurwe,colline
BUHUMUZA,Cankuzo,Cankuzo,Kabeza,colline
BUHUMUZA,Cankuzo,Cankuzo,Kabuga,colline
BUHUMUZA,Cankuzo,Cankuzo,Kavumu,colline
BUHUMUZA,Cankuzo,Cankuzo,Mugenda,colline
BUHUMUZA,Cankuzo,Cankuzo,Mugongo,colline
BUHUMUZA,Cankuzo,Cankuzo,Mugozi,colline
BUHUMUZA,Cankuzo,Cankuzo,Muhweza,colline
BUHUMUZA,Cankuzo,Cankuzo,Musenyi,colline
BUHUMUZA,Cankuzo,Cankuzo,Muterero,colline
BUHUMUZA,Cankuzo,Cankuzo,Muyaga,colline
BUHUMUZA,Cankuzo,Cankuzo,Nyabisindu,colline
BUHUMUZA,Cankuzo,Cankuzo,Nyakivumu,colline
BUHUMUZA,Cankuzo,Cankuzo,Nyamusenga,colline
BUHUMUZA,Cankuzo,Gitanga,Gitanga,colline
BUHUMUZA,Cankuzo,Gitanga,Kibungo,colline
BUHUMUZA,Cankuzo,Gitanga,Kigaga,colline
BUHUMUZA,Cankuzo,Gitanga,Mashiga,colline
BUHUMUZA,Cankuzo,Gitanga,Nyamatongo,colline
BUHUMUZA,Cankuzo,Gitanga,Rujungu,colline
BUHUMUZA,Cankuzo,Gitanga,Saswe,colline
BUHUMUZA,Cankuzo,Gitanga,Shinge,colline
BUHUMUZA,Cankuzo,Kigamba,Gatunguru,colline
BUHUMUZA,Cankuzo,Kigamba,Gisenga,colline
BUHUMUZA,Cankuzo,Kigamba,Humure,colline
BUHUMUZA,Cankuzo,Kigamba,Kazibaziba,colline
BUHUMUZA,Cankuzo,Kigamba,Kigamba,colline
BUHUMUZA,Cankuzo,Kigamba,Kivumu,colline
BUHUMUZA,Cankuzo,Kigamba,Nyarurambi,colline
BUHUMUZA,Cankuzo,Kigamba,Rusagara,colline
BUHUMUZA,Cankuzo,Kigamba,Rwamvura,colline
BUHUMUZA,Cankuzo,Minyare,Karago,colline
BUHUMUZA,Cankuzo,Minyare,Murehe,colline
BUHUMUZA,Cankuzo,Minyare,Nyakerera,colline
BUHUMUZA,Cankuzo,Minyare,Nyarutiti,colline
BUHUMUZA,Cankuzo,Minyare,Rutoke,colline
BUHUMUZA,Gisagara,Bumba,Budega,colline
BUHUMUZA,Gisagara,Bumba,Bumba,colline
BUHUMUZA,Gisagara,Bumba,Bunyerere,colline
BUHUMUZA,Gisagara,Bumba,Muka,colline
BUHUMUZA,Gisagara,Bumba,Nkoro,colline
BUHUMUZA,Gisagara,Bumba,Nyamwiyanike,colline
BUHUMUZA,Gisagara,Bumba,Rusigabangazi,colline
BUHUMUZA,Gisagara,Camazi,Camazi,colline
BUHUMUZA,Gisagara,Camazi,Gisoko,colline
BUHUMUZA,Gisagara,Camazi,Mburi,colline
BUHUMUZA,Gisagara,Camazi,Muzire,colline
BUHUMUZA,Gisagara,Camazi,Rabiro,colline
BUHUMUZA,Gisagara,Camazi,Ruramba,colline
BUHUMUZA,Gisagara,Cendajuru,Cendajuru,colline
BUHUMUZA,Gisagara,Cendajuru,Gahoko,colline
BUHUMUZA,Gisagara,Cendajuru,Kabageni,colline
BUHUMUZA,Gisagara,Cendajuru,Kibande,colline
BUHUMUZA,Gisagara,Cendajuru,Kigarika,colline
BUHUMUZA,Gisagara,Cendajuru,Kiruhura,colline
BUHUMUZA,Gisagara,Cendajuru,Kiyange,colline
BUHUMUZA,Gisagara,Gisagara,Gerero,colline
BUHUMUZA,Gisagara,Gisagara,Gisagara,colline
BUHUMUZA,Gisagara,Gisagara,Gitanga,colline
BUHUMUZA,Gisagara,Gisagara,Gitwenge,colline
BUHUMUZA,Gisagara,Gisagara,Kagoma,colline
BUHUMUZA,Gisagara,Gisagara,Kibogoye,colline
BUHUMUZA,Gisagara,Gisagara,Kigati,colline
BUHUMUZA,Gisagara,Gisagara,Kirambi,colline
BUHUMUZA,Gisagara,Gisagara,Muganza,colline
BUHUMUZA,Gisagara,Gisagara,Muhingamo,colline
BUHUMUZA,Gisagara,Gisagara,Murago,colline
BUHUMUZA,Gisagara,Gisagara,Nyuro,colline
BUHUMUZA,Gisagara,Gisagara,Ramba,colline
BUHUMUZA,Gisagara,Gisagara,Rubabara,colline
BUHUMUZA,Gisagara,Mugera,Busumanyi,colline
BUHUMUZA,Gisagara,Mugera,Kaniha,colline
BUHUMUZA,Gisagara,Mugera,Mugera,colline
BUHUMUZA,Gisagara,Mugera,Musemo,colline
BUHUMUZA,Gisagara,Mishiha,Buyongwe,colline
BUHUMUZA,Gisagara,Mishiha,Gikonko,colline
BUHUMUZA,Gisagara,Mishiha,Mishiha,colline
BUHUMUZA,Gisagara,Mishiha,Munzenze,colline
BUHUMUZA,Gisagara,Mishiha,Rutsindu,colline
BUHUMUZA,Gisagara,Mwiruzi,Kibimba,colline
BUHUMUZA,Gisagara,Mwiruzi,Mwiruzi,colline
BUHUMUZA,Gisagara,Mwiruzi,Rugerero,colline
BUHUMUZA,Gisagara,Mwiruzi,Rukwega,colline
BUHUMUZA,Gisagara,Mwiruzi,Runihira,colline
BUHUMUZA,Gisagara,Nyamugari,Busyana,colline
BUHUMUZA,Gisagara,Nyamugari,Gashigwe,colline
BUHUMUZA,Gisagara,Nyamugari,Gitaramuka,colline
BUHUMUZA,Gisagara,Nyamugari,Nyamugari,colline
BUHUMUZA,Gisagara,Nyamugari,Rukoyoyo,colline
BUHUMUZA,Gisagara,Twinkwavu,Gisoro,colline
BUHUMUZA,Gisagara,Twinkwavu,Misugi,colline
BUHUMUZA,Gisagara,Twinkwavu,Nyagisovu,colline
BUHUMUZA,Gisagara,Twinkwavu,Nyakuguma,colline
BUHUMUZA,Gisagara,Twinkwavu,Twinkwavu,colline
BUHUMUZA,Gisuru,Gisuru,Bugama,colline
BUHUMUZA,Gisuru,Gisuru,Bunyambo,colline
BUHUMUZA,Gisuru,Gisuru,Gahinga,colline
BUHUMUZA,Gisuru,Gisuru,Gisuru,colline
BUHUMUZA,Gisuru,Gisuru,Itahe,colline
BUHUMUZA,Gisuru,Gisuru,Kabingo,colline
BUHUMUZA,Gisuru,Gisuru,Kinama,colline
BUHUMUZA,Gisuru,Gisuru,Kireka,colline
BUHUMUZA,Gisuru,Gisuru,Muhindo,colline
BUHUMUZA,Gisuru,Gisuru,Murehe,colline
BUHUMUZA,Gisuru,Gisuru,Ntende,colline
BUHUMUZA,Gisuru,Gisuru,Nyabigabiro,colline
BUHUMUZA,Gisuru,Gisuru,Rusange,colline
BUHUMUZA,Gisuru,Gisuru,Ruyaga,colline
BUHUMUZA,Gisuru,Gisuru,Rwerambere,colline
BUHUMUZA,Gisuru,Kabanga,Kabanga,colline
BUHUMUZA,Gisuru,Kabanga,Kigangabuko,colline
BUHUMUZA,Gisuru,Kabanga,Munazi,colline
BUHUMUZA,Gisuru,Kabanga,Musumba,colline
BUHUMUZA,Gisuru,Kabanga,Nyamigina,colline
BUHUMUZA,Gisuru,Kabanga,Nyamusasa,colline
BUHUMUZA,Gisuru,Kabanga,Ruveri,colline
BUHUMUZA,Gisuru,Kinyinya,Bugongo,colline
BUHUMUZA,Gisuru,Kinyinya,Gasunu,colline
BUHUMUZA,Gisuru,Kinyinya,Gataba,colline
BUHUMUZA,Gisuru,Kinyinya,Karindo,colline
BUHUMUZA,Gisuru,Kinyinya,Kibari,colline
BUHUMUZA,Gisuru,Kinyinya,Kinyinya,colline
BUHUMUZA,Gisuru,Kinyinya,Mayanza,colline
BUHUMUZA,Gisuru,Kinyinya,Muvumu,colline
BUHUMUZA,Gisuru,Kinyinya,Nyakibere,colline
BUHUMUZA,Gisuru,Kinyinya,Nyamunazi,colline
BUHUMUZA,Gisuru,Kinyinya,Vumwe,colline
BUHUMUZA,Gisuru,Muhwazi,Bwome,colline
BUHUMUZA,Gisuru,Muhwazi,Gatare,colline
BUHUMUZA,Gisuru,Muhwazi,Kivoga,colline
BUHUMUZA,Gisuru,Muhwazi,Nyakibingo,colline
BUHUMUZA,Gisuru,Muhwazi,Nyakiyonga,colline
BUHUMUZA,Gisuru,Muhwazi,Nyamasenga,colline
BUHUMUZA,Gisuru,Muhwazi,Nyamitanga,colline
BUHUMUZA,Gisuru,Muhwazi,Nyaruganda,colline
BUHUMUZA,Gisuru,Muhwazi,Nyarumuri,colline
BUHUMUZA,Gisuru,Muhwazi,Remba,colline
BUHUMUZA,Gisuru,Muhwazi,Ruharo,colline
BUHUMUZA,Gisuru,Muhwazi,Titi,colline
BUHUMUZA,Gisuru,Ndemeka,Butarangira,colline
BUHUMUZA,Gisuru,Ndemeka,Gacokwe,colline
BUHUMUZA,Gisuru,Ndemeka,Gakangaga,colline
BUHUMUZA,Gisuru,Ndemeka,Itaba,colline
BUHUMUZA,Gisuru,Ndemeka,Kabuyenge,colline
BUHUMUZA,Gisuru,Ndemeka,Kavumwe,colline
BUHUMUZA,Gisuru,Ndemeka,Musha,colline
BUHUMUZA,Gisuru,Ndemeka,Ndemeka,colline
BUHUMUZA,Gisuru,Nyabitare,Caga,colline
BUHUMUZA,Gisuru,Nyabitare,Kigamba,colline
BUHUMUZA,Gisuru,Nyabitare,Migende,colline
BUHUMUZA,Gisuru,Nyabitare,Muvumu,colline
BUHUMUZA,Gisuru,Nyabitare,Mwegereza,colline
BUHUMUZA,Gisuru,Nyabitare,Nyabigozi,colline
BUHUMUZA,Gisuru,Nyabitare,Nyabitaka,colline
BUHUMUZA,Gisuru,Nyabitare,Nyabitare,colline
BUHUMUZA,Gisuru,Nyabitare,Nyakirunga,colline
BUHUMUZA,Gisuru,Nyabitare,Nyakivumu,colline
BUHUMUZA,Gisuru,Nyabitare,Rubanga,colline
BUHUMUZA,Gisuru,Nyabitare,Ruhuni,colline
BUHUMUZA,Gisuru,Nyabitsinda,Bihembe,colline
BUHUMUZA,Gisuru,Nyabitsinda,Kirungu,colline
BUHUMUZA,Gisuru,Nyabitsinda,Mago,colline
BUHUMUZA,Gisuru,Nyabitsinda,Muramba,colline
BUHUMUZA,Gisuru,Nyabitsinda,Mureba,colline
BUHUMUZA,Gisuru,Nyabitsinda,Murehe,colline
BUHUMUZA,Gisuru,Nyabitsinda,Ndago,colline
BUHUMUZA,Gisuru,Nyabitsinda,Nyabitsinda,colline
BUHUMUZA,Gisuru,Nyabitsinda,Nyagahanda,colline
BUHUMUZA,Gisuru,Nyabitsinda,Nyagitika,colline
BUHUMUZA,Gisuru,Nyabitsinda,Nyamitukwe,colline
BUHUMUZA,Gisuru,Rukobe,Iteka,colline
BUHUMUZA,Gisuru,Rukobe,Iyogero,colline
BUHUMUZA,Gisuru,Rukobe,Kinanira,colline
BUHUMUZA,Gisuru,Rukobe,Munyinya,colline
BUHUMUZA,Gisuru,Rukobe,Nkurubuye,colline
BUHUMUZA,Gisuru,Rukobe,Nyarumanga,colline
BUHUMUZA,Gisuru,Rukobe,Rukobe,colline
BUHUMUZA,Gisuru,Rukobe,Rutonde,colline
BUHUMUZA,Muyinga,Bwasare,Butirabura,colline
BUHUMUZA,Muyinga,Bwasare,Bwasare,colline
BUHUMUZA,Muyinga,Bwasare,Gishuha,colline
BUHUMUZA,Muyinga,Bwasare,Jani,colline
BUHUMUZA,Muyinga,Bwasare,Kagugwe,colline
BUHUMUZA,Muyinga,Bwasare,Kaguhu,colline
BUHUMUZA,Muyinga,Bwasare,Karama,colline
BUHUMUZA,Muyinga,Bwasare,Rukinzo,colline
BUHUMUZA,Muyinga,Buhinyuza,Buhinyuza,colline
BUHUMUZA,Muyinga,Buhinyuza,Karehe,colline
BUHUMUZA,Muyinga,Buhinyuza,Kibimba,colline
BUHUMUZA,Muyinga,Buhinyuza,Mabago,colline
BUHUMUZA,Muyinga,Buhinyuza,Nyabucugu,colline
BUHUMUZA,Muyinga,Buhinyuza,Nyaruhengeri,colline
BUHUMUZA,Muyinga,Buhinyuza,Nyarunazi,colline
BUHUMUZA,Muyinga,Buhinyuza,Rugazi,colline
BUHUMUZA,Muyinga,Cumba,Burenza,colline
BUHUMUZA,Muyinga,Cumba,Butihinda,colline
BUHUMUZA,Muyinga,Cumba,Bwica,colline
BUHUMUZA,Muyinga,Cumba,Cumba,colline
BUHUMUZA,Muyinga,Cumba,Kiringanire,colline
BUHUMUZA,Muyinga,Cumba,Mizuga,colline
BUHUMUZA,Muyinga,Cumba,Nyamirambo,colline
BUHUMUZA,Muyinga,Cumba,Nyarusange,colline
BUHUMUZA,Muyinga,Cumba,Ruganigwa,colline
BUHUMUZA,Muyinga,Gasave,Bugungu,colline
BUHUMUZA,Muyinga,Gasave,Bunywana,colline
BUHUMUZA,Muyinga,Gasave,Butihinda,colline
BUHUMUZA,Muyinga,Gasave,Gasave,colline
BUHUMUZA,Muyinga,Gasave,Gitaramuka,colline
BUHUMUZA,Muyinga,Gasave,Karongwe,colline
BUHUMUZA,Muyinga,Gasave,Kiyange,colline
BUHUMUZA,Muyinga,Gasave,Muramba,colline
BUHUMUZA,Muyinga,Gasave,Ntobwe,colline
BUHUMUZA,Muyinga,Gasorwe,Bihogo,colline
BUHUMUZA,Muyinga,Gasorwe,Gikwiye,colline
BUHUMUZA,Muyinga,Gasorwe,Karambo,colline
BUHUMUZA,Muyinga,Gasorwe,Karira,colline
BUHUMUZA,Muyinga,Gasorwe,Kinama,colline
BUHUMUZA,Muyinga,Gasorwe,Kiryama,colline
BUHUMUZA,Muyinga,Gasorwe,Masasu,colline
BUHUMUZA,Muyinga,Gasorwe,Rusimbuko,colline
BUHUMUZA,Muyinga,Higiro,Higiro,colline
BUHUMUZA,Muyinga,Higiro,Karimbi,colline
BUHUMUZA,Muyinga,Higiro,Kigoganya,colline
BUHUMUZA,Muyinga,Higiro,Ngogomo,colline
BUHUMUZA,Muyinga,Higiro,Nyarubambwe,colline
BUHUMUZA,Muyinga,Higiro,Nyungu,colline
BUHUMUZA,Muyinga,Jarama,Burasira,colline
BUHUMUZA,Muyinga,Jarama,Gihongo,colline
BUHUMUZA,Muyinga,Jarama,Jarama,colline
BUHUMUZA,Muyinga,Jarama,Kara,colline
BUHUMUZA,Muyinga,Jarama,Nyagishiru,colline
BUHUMUZA,Muyinga,Jarama,Nyankurazo,colline
BUHUMUZA,Muyinga,Jarama,Rugongo,colline
BUHUMUZA,Muyinga,Jarama,Ruvumu,colline
BUHUMUZA,Muyinga,Kiyanza,Bonero,colline
BUHUMUZA,Muyinga,Kiyanza,Bubaji,colline
BUHUMUZA,Muyinga,Kiyanza,Ciyando,colline
BUHUMUZA,Muyinga,Kiyanza,Gahekenya,colline
BUHUMUZA,Muyinga,Kiyanza,Gasenyi,colline
BUHUMUZA,Muyinga,Kiyanza,Gitaba,colline
BUHUMUZA,Muyinga,Kiyanza,Kibongera,colline
BUHUMUZA,Muyinga,Kiyanza,Kigajo,colline
BUHUMUZA,Muyinga,Kiyanza,Kiyanza,colline
BUHUMUZA,Muyinga,Kiyanza,Mukungu,colline
BUHUMUZA,Muyinga,Kiyanza,Musenga,colline
BUHUMUZA,Muyinga,Kiyanza,Rurtyazo,colline
BUHUMUZA,Muyinga,Kayenzi,Kayenzi,colline
BUHUMUZA,Muyinga,Kayenzi,Kibongera,colline
BUHUMUZA,Muyinga,Kayenzi,Mageni,colline
BUHUMUZA,Muyinga,Kayenzi,Musenga,colline
BUHUMUZA,Muyinga,Kayenzi,Nkoyoyo,colline
BUHUMUZA,Muyinga,Kayenzi,Rusengo,colline
BUHUMUZA,Muyinga,Kiremba,Gasuru,colline
BUHUMUZA,Muyinga,Kiremba,Kimanga,colline
BUHUMUZA,Muyinga,Kiremba,Kiremba,colline
BUHUMUZA,Muyinga,Kiremba,Kivubo,colline
BUHUMUZA,Muyinga,Kiremba,Kizi,colline
BUHUMUZA,Muyinga,Kiremba,Martyazo,colline
BUHUMUZA,Muyinga,Munagano,Buhurana,colline
BUHUMUZA,Muyinga,Munagano,Gatovu,colline
BUHUMUZA,Muyinga,Munagano,Munagano,colline
BUHUMUZA,Muyinga,Munagano,Musenyi,colline
BUHUMUZA,Muyinga,Munagano,Ntamba,colline
BUHUMUZA,Muyinga,Munagano,Nyamarumba,colline
BUHUMUZA,Muyinga,Munagano,Sanzwe,colline
BUHUMUZA,Muyinga,Murama,Gasasa,colline
BUHUMUZA,Muyinga,Murama,Kavumu,colline
BUHUMUZA,Muyinga,Murama,Mubuga,colline
BUHUMUZA,Muyinga,Murama,Murama,colline
BUHUMUZA,Muyinga,Murama,Mwurire,colline
BUHUMUZA,Muyinga,Murama,Rusumo,colline
BUHUMUZA,Muyinga,Murama,Ryabihira,colline
BUHUMUZA,Muyinga,Mwakiro,Bugonza,colline
BUHUMUZA,Muyinga,Mwakiro,Butobwe,colline
BUHUMUZA,Muyinga,Mwakiro,Gakombe,colline
BUHUMUZA,Muyinga,Mwakiro,Gihoza,colline
BUHUMUZA,Muyinga,Mwakiro,Kabingo,colline
BUHUMUZA,Muyinga,Mwakiro,Karehe,colline
BUHUMUZA,Muyinga,Mwakiro,Kibande,colline
BUHUMUZA,Muyinga,Mwakiro,Kibwirwa,colline
BUHUMUZA,Muyinga,Mwakiro,Muyange,colline
BUHUMUZA,Muyinga,Mwakiro,Mwakiro,colline
BUHUMUZA,Muyinga,Muyinga,Bugomora,colline
BUHUMUZA,Muyinga,Muyinga,Burima,colline
BUHUMUZA,Muyinga,Muyinga,Cibari,colline
BUHUMUZA,Muyinga,Muyinga,Gahororo,colline
BUHUMUZA,Muyinga,Muyinga,Gitongwe,colline
BUHUMUZA,Muyinga,Muyinga,Karemera,colline
BUHUMUZA,Muyinga,Muyinga,Kiryama,colline
BUHUMUZA,Muyinga,Muyinga,Kivoga,colline
BUHUMUZA,Muyinga,Muyinga,Rwimbogo,colline
BUHUMUZA,Muyinga,Muyinga,Kibogoye,quartier
BUHUMUZA,Muyinga,Muyinga,Kinyota,quartier
BUHUMUZA,Muyinga,Muyinga,Kwibuye,quartier
BUHUMUZA,Muyinga,Muyinga,Mukoni,quartier
BUHUMUZA,Muyinga,Muyinga,Muyinga,quartier
BUHUMUZA,Muyinga,Rugabano,Bukwanzi,colline
BUHUMUZA,Muyinga,Rugabano,Gahemba,colline
BUHUMUZA,Muyinga,Rugabano,Gisuma,colline
BUHUMUZA,Muyinga,Rugabano,Kadende,colline
BUHUMUZA,Muyinga,Rugabano,Kavugangoma,colline
BUHUMUZA,Muyinga,Rugabano,Mukunguza,colline
BUHUMUZA,Muyinga,Rugabano,Rugabano,colline
BUHUMUZA,Muyinga,Rugabano,Rukanya,colline
BUHUMUZA,Muyinga,Rugabano,Rusheri,colline
BUHUMUZA,Muyinga,Rugari,Bunyywana,colline
BUHUMUZA,Muyinga,Rugari,Gatongati,colline
BUHUMUZA,Muyinga,Rugari,Kinazi,colline
BUHUMUZA,Muyinga,Rugari,Mahonda,colline
BUHUMUZA,Muyinga,Rugari,Migogo,colline
BUHUMUZA,Muyinga,Rugari,Rugari,colline
BUHUMUZA,Muyinga,Rugari,Rutoke,colline
BUHUMUZA,Muyinga,Rugari,Ruyiyi,colline
BUHUMUZA,Ruyigi,Busoro,Busoro,colline
BUHUMUZA,Ruyigi,Busoro,Gasenyi,colline
BUHUMUZA,Ruyigi,Busoro,Kigusu,colline
BUHUMUZA,Ruyigi,Busoro,Rubavu,colline
BUHUMUZA,Ruyigi,Butezi,Kirasira,colline
BUHUMUZA,Ruyigi,Butezi,Nkongwe,colline
BUHUMUZA,Ruyigi,Butezi,Rugoti,colline
BUHUMUZA,Ruyigi,Butezi,Sorero,colline
BUHUMUZA,Ruyigi,Bwagiriza,Bwagiriza,colline
BUHUMUZA,Ruyigi,Bwagiriza,Gashurushuru,colline
BUHUMUZA,Ruyigi,Bwagiriza,Munyinya,colline
BUHUMUZA,Ruyigi,Bwagiriza,Nombe,colline
BUHUMUZA,Ruyigi,Bwagiriza,Rubaragaza,colline
BUHUMUZA,Ruyigi,Bwagiriza,Rutegama,colline
BUHUMUZA,Ruyigi,Bwagiriza,Senga,colline
BUHUMUZA,Ruyigi,Kayongozi,Busuma,colline
BUHUMUZA,Ruyigi,Kayongozi,Caga,colline
BUHUMUZA,Ruyigi,Kayongozi,Kanisha,colline
BUHUMUZA,Ruyigi,Kayongozi,Mibanga,colline
BUHUMUZA,Ruyigi,Kayongozi,Nkanda,colline
BUHUMUZA,Ruyigi,Kirambi,Bigombo,colline
BUHUMUZA,Ruyigi,Kirambi,Gatwaro,colline
BUHUMUZA,Ruyigi,Kirambi,Kirambi,colline
BUHUMUZA,Ruyigi,Kirambi,Nyamugari,colline
BUHUMUZA,Ruyigi,Kirambi,Nyarunazi,colline
BUHUMUZA,Ruyigi,Kirambi,Ruvyagira,colline
BUHUMUZA,Ruyigi,Mubira,Gitwa,colline
BUHUMUZA,Ruyigi,Mubira,Mubira,colline
BUHUMUZA,Ruyigi,Mubira,Mugogo,colline
BUHUMUZA,Ruyigi,Mubira,Muyange,colline
BUHUMUZA,Ruyigi,Bweru,Bweru,colline
BUHUMUZA,Ruyigi,Bweru,Gashawe,colline
BUHUMUZA,Ruyigi,Bweru,Masama,colline
BUHUMUZA,Ruyigi,Bweru,Mubavu,colline
BUHUMUZA,Ruyigi,Bweru,Ntunda,colline
BUHUMUZA,Ruyigi,Bweru,Nzozi,colline
BUHUMUZA,Ruyigi,Rusengo,Bunogera,colline
BUHUMUZA,Ruyigi,Rusengo,Buruhukiro,colline
BUHUMUZA,Ruyigi,Rusengo,Gisoro,colline
BUHUMUZA,Ruyigi,Rusengo,Kirambi,colline
BUHUMUZA,Ruyigi,Rusengo,Migege,colline
BUHUMUZA,Ruyigi,Rusengo,Nganji,colline
BUHUMUZA,Ruyigi,Rusengo,Nyagutoha,colline
BUHUMUZA,Ruyigi,Ruyigi,Dutwe,colline
BUHUMUZA,Ruyigi,Ruyigi,Gahemba,colline
BUHUMUZA,Ruyigi,Ruyigi,Kigamba,colline
BUHUMUZA,Ruyigi,Ruyigi,Ngarama,colline
BUHUMUZA,Ruyigi,Ruyigi,Nyarunazi,colline
BUHUMUZA,Ruyigi,Ruyigi,Ruhwago,colline
BUHUMUZA,Ruyigi,Ruyigi,Rukaragata,colline
BUHUMUZA,Ruyigi,Ruyigi,Ruyigi,colline
BUHUMUZA,Ruyigi,Ruyigi,Gasanda,quartier
BUHUMUZA,Ruyigi,Ruyigi,Kinyabakecuru,quartier
BUHUMUZA,Ruyigi,Ruyigi,Sanzu,quartier
BUJUMBURA,Bubanza,Bubanza,Bubanza,quartier
BUJUMBURA,Bubanza,Bubanza,Buhororo,quartier
BUJUMBURA,Bubanza,Bubanza,Giko,quartier
BUJUMBURA,Bubanza,Bubanza,Matonge,quartier
BUJUMBURA,Bubanza,Bubanza,Ruvumvu,quartier
BUJUMBURA,Bubanza,Buvyuko,Cimbizi,colline
BUJUMBURA,Bubanza,Buvyuko,Muhanza,colline
BUJUMBURA,Bubanza,Buvyuko,Muhenga,colline
BUJUMBURA,Bubanza,Buvyuko,Nyabitaka,colline
BUJUMBURA,Bubanza,Buvyuko,Rugunga,colline
BUJUMBURA,Bubanza,Buvyuko,Rurabo,colline
BUJUMBURA,Bubanza,Buvyuko,Zina,colline
BUJUMBURA,Bubanza,Kivyuka,Busiga,colline
BUJUMBURA,Bubanza,Kivyuka,Gashinge,colline
BUJUMBURA,Bubanza,Kivyuka,Gatare,colline
BUJUMBURA,Bubanza,Kivyuka,Kiziba,colline
BUJUMBURA,Bubanza,Kivyuka,Munanira,colline
BUJUMBURA,Bubanza,Mitakataka,Gahongore,colline
BUJUMBURA,Bubanza,Mitakataka,Gatura,colline
BUJUMBURA,Bubanza,Mitakataka,Kagirigiri,colline
BUJUMBURA,Bubanza,Mitakataka,Mitakataka,colline
BUJUMBURA,Bubanza,Muramba,Ciya,colline
BUJUMBURA,Bubanza,Muramba,Gitanga,colline
BUJUMBURA,Bubanza,Muramba,Gitsira,colline
BUJUMBURA,Bubanza,Muramba,Karinzi,colline
BUJUMBURA,Bubanza,Muramba,Kivyiru,colline
BUJUMBURA,Bubanza,Muramba,Mugimbu,colline
BUJUMBURA,Bubanza,Muramba,Muramba,colline
BUJUMBURA,Bubanza,Muramba,Mwanda,colline
BUJUMBURA,Bubanza,Muramba,Ngara,colline
BUJUMBURA,Bubanza,Muramba,Rabiro,colline
BUJUMBURA,Bubanza,Musigati,Buhurika,colline
BUJUMBURA,Bubanza,Musigati,Bukinga,colline
BUJUMBURA,Bubanza,Musigati,Dondi,colline
BUJUMBURA,Bubanza,Musigati,Kanazi,colline
BUJUMBURA,Bubanza,Musigati,Kayange,colline
BUJUMBURA,Bubanza,Musigati,Mpishi,colline
BUJUMBURA,Bubanza,Musigati,Mugombarima,colline
BUJUMBURA,Bubanza,Musigati,Musigati,colline
BUJUMBURA,Bubanza,Musigati,Nyarusange,colline
BUJUMBURA,Bubanza,Muyebe,Bubenga,colline
BUJUMBURA,Bubanza,Muyebe,Butaha,colline
BUJUMBURA,Bubanza,Muyebe,Masare,colline
BUJUMBURA,Bubanza,Muyebe,Mugoma,colline
BUJUMBURA,Bubanza,Muyebe,Muyebe,colline
BUJUMBURA,Bubanza,Muyebe,Ruvyimvya,colline
BUJUMBURA,Bubanza,Ntamba,Mpinga,colline
BUJUMBURA,Bubanza,Ntamba,Ntamba,colline
BUJUMBURA,Bubanza,Ntamba,Rugeyo,colline
BUJUMBURA,Bubanza,Ntamba,Rusekabuye,colline
BUJUMBURA,Bubanza,Ntamba,Rushiha,colline
BUJUMBURA,Bukinanyana,Buganda,Cunyu,colline
BUJUMBURA,Bukinanyana,Buganda,Gasenyi,colline
BUJUMBURA,Bukinanyana,Buganda,Kaburantwa,colline
BUJUMBURA,Bukinanyana,Buganda,Ruhagarika,colline
BUJUMBURA,Bukinanyana,Buhayira,Buhayira,colline
BUJUMBURA,Bukinanyana,Buhayira,Kabuye,colline
BUJUMBURA,Bukinanyana,Buhayira,Muzenga,colline
BUJUMBURA,Bukinanyana,Buhayira,Remera,colline
BUJUMBURA,Bukinanyana,Buhayira,Rugano,colline
BUJUMBURA,Bukinanyana,Bumba,Bumba,colline
BUJUMBURA,Bukinanyana,Bumba,Butara,colline
BUJUMBURA,Bukinanyana,Bumba,Munyinya,colline
BUJUMBURA,Bukinanyana,Bumba,Nderama,colline
BUJUMBURA,Bukinanyana,Bumba,Rtyazo,colline
BUJUMBURA,Bukinanyana,Bumba,Ruhembe,colline
BUJUMBURA,Bukinanyana,Bumba,Runege,colline
BUJUMBURA,Bukinanyana,Buzirasazi,Gasheke,colline
BUJUMBURA,Bukinanyana,Buzirasazi,Gitera,colline
BUJUMBURA,Bukinanyana,Buzirasazi,Jerama,colline
BUJUMBURA,Bukinanyana,Buzirasazi,Maranga,colline
BUJUMBURA,Bukinanyana,Buzirasazi,Nyarurinzi,colline
BUJUMBURA,Bukinanyana,Gahabura,Gahabura,colline
BUJUMBURA,Bukinanyana,Gahabura,Mikoni,colline
BUJUMBURA,Bukinanyana,Gahabura,Murengera,colline
BUJUMBURA,Bukinanyana,Gahabura,Rangira,colline
BUJUMBURA,Bukinanyana,Gahabura,Rubaya,colline
BUJUMBURA,Bukinanyana,Masango,Kibati,colline
BUJUMBURA,Bukinanyana,Masango,Masango,colline
BUJUMBURA,Bukinanyana,Masango,Mwungo,colline
BUJUMBURA,Bukinanyana,Masango,Nyarwumba,colline
BUJUMBURA,Bukinanyana,Masango,Sehe,colline
BUJUMBURA,Bukinanyana,Ndava,Kansega,colline
BUJUMBURA,Bukinanyana,Ndava,Muremera,colline
BUJUMBURA,Bukinanyana,Ndava,Mwunguzi,colline
BUJUMBURA,Bukinanyana,Ndava,Ndava,colline
BUJUMBURA,Bukinanyana,Ndava,Nimba,colline
BUJUMBURA,Bukinanyana,Ndava,Nyamitanga,colline
BUJUMBURA,Bukinanyana,Ndora,Bihembe,colline
BUJUMBURA,Bukinanyana,Ndora,Bitare,colline
BUJUMBURA,Bukinanyana,Ndora,Burimbi,colline
BUJUMBURA,Bukinanyana,Ndora,Giserama,colline
BUJUMBURA,Bukinanyana,Ndora,Kabondo,colline
BUJUMBURA,Bukinanyana,Ndora,Kibaya,colline
BUJUMBURA,Bukinanyana,Ndora,Myave,colline
BUJUMBURA,Bukinanyana,Ndora,Nyamyeha,colline
BUJUMBURA,Bukinanyana,Ndora,Nyarubugu,colline
BUJUMBURA,Bukinanyana,Rusenda,Kabere,colline
BUJUMBURA,Bukinanyana,Rusenda,Nyampinda,colline
BUJUMBURA,Bukinanyana,Rusenda,Nyangwe,colline
BUJUMBURA,Bukinanyana,Rusenda,Rusenda,colline
BUJUMBURA,Bukinanyana,Rusenda,Shimwe,colline
BUJUMBURA,Cibitoke,Buhindo,Buhindo,colline
BUJUMBURA,Cibitoke,Buhindo,Butega,colline
BUJUMBURA,Cibitoke,Buhindo,Kagimbu,colline
BUJUMBURA,Cibitoke,Buhindo,Kahirwa,colline
BUJUMBURA,Cibitoke,Buhindo,Kajerama,colline
BUJUMBURA,Cibitoke,Buhindo,Kivumvu,colline
BUJUMBURA,Cibitoke,Cibitoke,Murambi,colline
BUJUMBURA,Cibitoke,Cibitoke,Cibitoke,quartier
BUJUMBURA,Cibitoke,Cibitoke,Kagazi,quartier
BUJUMBURA,Cibitoke,Cibitoke,Karurama,quartier
BUJUMBURA,Cibitoke,Cibitoke,Rusiga,quartier
BUJUMBURA,Cibitoke,Kiramira,Kiramira,colline
BUJUMBURA,Cibitoke,Kiramira,Mihiza,colline
BUJUMBURA,Cibitoke,Kiramira,Rusororo,colline
BUJUMBURA,Cibitoke,Kiramira,Ruvumera,colline
BUJUMBURA,Cibitoke,Murwi,Bubogora,colline
BUJUMBURA,Cibitoke,Murwi,Gitohera,colline
BUJUMBURA,Cibitoke,Murwi,Manege,colline
BUJUMBURA,Cibitoke,Murwi,Masha,colline
BUJUMBURA,Cibitoke,Murwi,Mirombero,colline
BUJUMBURA,Cibitoke,Murwi,Murwi,colline
BUJUMBURA,Cibitoke,Murwi,Mushanga,colline
BUJUMBURA,Cibitoke,Ngoma,Mahande,colline
BUJUMBURA,Cibitoke,Ngoma,Mugimbu,colline
BUJUMBURA,Cibitoke,Ngoma,Ngoma,colline
BUJUMBURA,Cibitoke,Ngoma,Nyabubuye,colline
BUJUMBURA,Cibitoke,Rugombo,Dogodogo,colline
BUJUMBURA,Cibitoke,Rugombo,Mparambo,colline
BUJUMBURA,Cibitoke,Rugombo,Rugeregere,colline
BUJUMBURA,Cibitoke,Rugombo,Samwe,colline
BUJUMBURA,Cibitoke,Rugombo,Munyika,quartier
BUJUMBURA,Cibitoke,Rugombo,Nyakagunda,quartier
BUJUMBURA,Cibitoke,Rukana,Gabiro,colline
BUJUMBURA,Cibitoke,Rukana,Gicaca,colline
BUJUMBURA,Cibitoke,Rukana,Musenyi,colline
BUJUMBURA,Cibitoke,Rukana,Ruhwa,colline
BUJUMBURA,Cibitoke,Rukana,Rukana,colline
BUJUMBURA,Isare,Kibuye,Buyimba,colline
BUJUMBURA,Isare,Kibuye,Kibuye,colline
BUJUMBURA,Isare,Kibuye,Nyarukere,colline
BUJUMBURA,Isare,Kibuye,Rusha,colline
BUJUMBURA,Isare,Kibuye,Sagara,colline
BUJUMBURA,Isare,Kirama,Gasenyi,colline
BUJUMBURA,Isare,Kirama,Gatebe,colline
BUJUMBURA,Isare,Kirama,Kavya,colline
BUJUMBURA,Isare,Kirama,Muturirwa,colline
BUJUMBURA,Isare,Kirama,Rubaya,colline
BUJUMBURA,Isare,Kirama,Rutunda,colline
BUJUMBURA,Isare,Mageyo,Buhanda,colline
BUJUMBURA,Isare,Mageyo,Gitwe,colline
BUJUMBURA,Isare,Mageyo,Karugamba,colline
BUJUMBURA,Isare,Mageyo,Kinama,colline
BUJUMBURA,Isare,Mageyo,Mageyo,colline
BUJUMBURA,Isare,Mageyo,Muhororo,colline
BUJUMBURA,Isare,Mageyo,Muyabara,colline
BUJUMBURA,Isare,Martyazo,Burenza,colline
BUJUMBURA,Isare,Martyazo,Butega,colline
BUJUMBURA,Isare,Martyazo,Kanyinya,colline
BUJUMBURA,Isare,Martyazo,Kigunga,colline
BUJUMBURA,Isare,Martyazo,Kinyinya,colline
BUJUMBURA,Isare,Martyazo,Magarure,colline
BUJUMBURA,Isare,Mubimbi,Gisagara,colline
BUJUMBURA,Isare,Mubimbi,Kiziba,colline
BUJUMBURA,Isare,Mubimbi,Mubimbi,colline
BUJUMBURA,Isare,Mubimbi,Muzazi,colline
BUJUMBURA,Isare,Mubimbi,Nyankuba,colline
BUJUMBURA,Isare,Rushubi,Bibare,colline
BUJUMBURA,Isare,Rushubi,Caranka,colline
BUJUMBURA,Isare,Rushubi,Cirisha,colline
BUJUMBURA,Isare,Rushubi,Nyarumpongo,colline
BUJUMBURA,Isare,Rushubi,Rushubi,colline
BUJUMBURA,Isare,Rushubi,Rutegama,colline
BUJUMBURA,Isare,Ryarusera,Gakenke,colline
BUJUMBURA,Isare,Ryarusera,Gishubi,colline
BUJUMBURA,Isare,Ryarusera,Kayoyo,colline
BUJUMBURA,Isare,Ryarusera,Mugomere,colline
BUJUMBURA,Isare,Ryarusera,Muhweza,colline
BUJUMBURA,Isare,Ryarusera,Mwura,colline
BUJUMBURA,Isare,Ryarusera,Zinga,colline
BUJUMBURA,Mpanda,Buringa,Buringa,colline
BUJUMBURA,Mpanda,Buringa,Mpanda,colline
BUJUMBURA,Mpanda,Buringa,Ninga,colline
BUJUMBURA,Mpanda,Buringa,Nyeshanga,colline
BUJUMBURA,Mpanda,Buringa,Ruhahe,colline
BUJUMBURA,Mpanda,Butanuka,Butanuka,colline
BUJUMBURA,Mpanda,Butanuka,Butembe,colline
BUJUMBURA,Mpanda,Butanuka,Kanenga,colline
BUJUMBURA,Mpanda,Butanuka,Kivyibusha,colline
BUJUMBURA,Mpanda,Butanuka,Ruziba,colline
BUJUMBURA,Mpanda,Gihanga,Buramata,colline
BUJUMBURA,Mpanda,Gihanga,Gihanga,colline
BUJUMBURA,Mpanda,Gihanga,Kizina,colline
BUJUMBURA,Mpanda,Gihanga,Murira,colline
BUJUMBURA,Mpanda,Gihanga,Rumotomoto,colline
BUJUMBURA,Mpanda,Mpanda,Gahwazi,colline
BUJUMBURA,Mpanda,Mpanda,Gatagura,colline
BUJUMBURA,Mpanda,Mpanda,Gifurwe,colline
BUJUMBURA,Mpanda,Mpanda,Masha,colline
BUJUMBURA,Mpanda,Mpanda,Nyomvyi,colline
BUJUMBURA,Mpanda,Mudubugu,Busongo,colline
BUJUMBURA,Mpanda,Mudubugu,Cabiza,colline
BUJUMBURA,Mpanda,Mudubugu,Gihungwe,colline
BUJUMBURA,Mpanda,Mudubugu,Kagwema,colline
BUJUMBURA,Mpanda,Mudubugu,Muyange,colline
BUJUMBURA,Mpanda,Mudubugu,Rugunga,colline
BUJUMBURA,Mpanda,Musenyi,Murengeza,colline
BUJUMBURA,Mpanda,Musenyi,Musenyi,colline
BUJUMBURA,Mpanda,Musenyi,Nyamabere,colline
BUJUMBURA,Mpanda,Musenyi,Rubira,colline
BUJUMBURA,Mpanda,Musenyi,Rugenge,colline
BUJUMBURA,Mpanda,Muzinda,Butanuka,colline
BUJUMBURA,Mpanda,Muzinda,Kibenga,colline
BUJUMBURA,Mpanda,Muzinda,Kirengane,colline
BUJUMBURA,Mpanda,Muzinda,Mutara,colline
BUJUMBURA,Mpanda,Muzinda,Muzinda,colline
BUJUMBURA,Mpanda,Ruce,Giseza,colline
BUJUMBURA,Mpanda,Ruce,Kabanga,colline
BUJUMBURA,Mpanda,Ruce,Ruce,colline
BUJUMBURA,Mpanda,Ruce,Rutake,colline
BUJUMBURA,Mpanda,Ruce,Rwamvurwe,colline
BUJUMBURA,Mpanda,Rugazi,Bugume,colline
BUJUMBURA,Mpanda,Rugazi,Karambira,colline
BUJUMBURA,Mpanda,Rugazi,Kayange,colline
BUJUMBURA,Mpanda,Rugazi,Kibuye,colline
BUJUMBURA,Mpanda,Rugazi,Nyenkarange,colline
BUJUMBURA,Mpanda,Rugazi,Rugazi,colline
BUJUMBURA,Mugere,Buhanda,Bugongo,colline
BUJUMBURA,Mugere,Buhanda,Buhanda,colline
BUJUMBURA,Mugere,Buhanda,Masenga,colline
BUJUMBURA,Mugere,Buhanda,Nyankere,colline
BUJUMBURA,Mugere,Buhanda,Nyarwedeka,colline
BUJUMBURA,Mugere,Buhanda,Rukingiro,colline
BUJUMBURA,Mugere,Buhanda,Ruvyagira,colline
BUJUMBURA,Mugere,Gomvyi,Bubanza,colline
BUJUMBURA,Mugere,Gomvyi,Burima,colline
BUJUMBURA,Mugere,Gomvyi,Kayengwe,colline
BUJUMBURA,Mugere,Gomvyi,Gakara,colline
BUJUMBURA,Mugere,Gomvyi,Gomvyi,colline
BUJUMBURA,Mugere,Gomvyi,Murambi,colline
BUJUMBURA,Mugere,Gomvyi,Ntobo,colline
BUJUMBURA,Mugere,Gomvyi,Rubanda,colline
BUJUMBURA,Mugere,Gomvyi,Rutovu,colline
BUJUMBURA,Mugere,Kabezi,Kabezi,colline
BUJUMBURA,Mugere,Kabezi,Migera,colline
BUJUMBURA,Mugere,Kabezi,Masama,colline
BUJUMBURA,Mugere,Kabezi,Mwaza,colline
BUJUMBURA,Mugere,Kanyosha,Busoro,quartier
BUJUMBURA,Mugere,Kanyosha,Gisyo,quartier
BUJUMBURA,Mugere,Kanyosha,Kajiji,quartier
BUJUMBURA,Mugere,Kanyosha,Musama,quartier
BUJUMBURA,Mugere,Kanyosha,Nkenga,quartier
BUJUMBURA,Mugere,Kinindo,Kibenga,quartier
BUJUMBURA,Mugere,Kinindo,Kinindo,quartier
BUJUMBURA,Mugere,Kinindo,Rukamo,quartier
BUJUMBURA,Mugere,Kiyenzi,Buhina,colline
BUJUMBURA,Mugere,Kiyenzi,Gisovu,colline
BUJUMBURA,Mugere,Kiyenzi,Musugi,colline
BUJUMBURA,Mugere,Kiyenzi,Nyamaboko,colline
BUJUMBURA,Mugere,Kiyenzi,Rukuba,colline
BUJUMBURA,Mugere,Kiyenzi,Ruvumu,colline
BUJUMBURA,Mugere,Mubone,Gitenga,colline
BUJUMBURA,Mugere,Mubone,Kimina,colline
BUJUMBURA,Mugere,Mubone,Mubone,colline
BUJUMBURA,Mugere,Mubone,Rugembe,colline
BUJUMBURA,Mugere,Musaga,Gasekebuye,quartier
BUJUMBURA,Mugere,Musaga,Gitaramuka,quartier
BUJUMBURA,Mugere,Musaga,Kamesa,quartier
BUJUMBURA,Mugere,Musaga,Kinanira,quartier
BUJUMBURA,Mugere,Musaga,Mpimba,quartier
BUJUMBURA,Mugere,Musaga,Muzenga,quartier
BUJUMBURA,Mugere,Musaga,Urumuri,quartier
BUJUMBURA,Mugere,Ramba,Gakungwe,colline
BUJUMBURA,Mugere,Ramba,Kiremba,colline
BUJUMBURA,Mugere,Ramba,Mena,colline
BUJUMBURA,Mugere,Ramba,Ramba,colline
BUJUMBURA,Mugere,Ruyaga,Bigwa,colline
BUJUMBURA,Mugere,Ruyaga,Buhonga,colline
BUJUMBURA,Mugere,Ruyaga,Buzige,colline
BUJUMBURA,Mugere,Ruyaga,Kabumba,colline
BUJUMBURA,Mugere,Ruyaga,Mboza,colline
BUJUMBURA,Mugere,Ruyaga,Mwico,colline
BUJUMBURA,Mugere,Ruyaga,Ruyaga,colline
BUJUMBURA,Mugere,Ruziba,Kizingwe,colline
BUJUMBURA,Mugere,Ruziba,Mugere,colline
BUJUMBURA,Mugere,Ruziba,Ngabwe,colline
BUJUMBURA,Mugere,Ruziba,Nyabugete,colline
BUJUMBURA,Mugere,Ruziba,Ruziba,colline
BUJUMBURA,Mugina,Buhoro,Buhoro,colline
BUJUMBURA,Mugina,Buhoro,Busesa,colline
BUJUMBURA,Mugina,Buhoro,Mayuki,colline
BUJUMBURA,Mugina,Buhoro,Mukaka,colline
BUJUMBURA,Mugina,Buhoro,Nyarusebeyi,colline
BUJUMBURA,Mugina,Buhoro,Rumvya,colline
BUJUMBURA,Mugina,Butahana,Gafumbegeti,colline
BUJUMBURA,Mugina,Butahana,Gahoma,colline
BUJUMBURA,Mugina,Butahana,Gakerekwa,colline
BUJUMBURA,Mugina,Butahana,Mageyo,colline
BUJUMBURA,Mugina,Butahana,Muhungu,colline
BUJUMBURA,Mugina,Butahana,Nyabungere,colline
BUJUMBURA,Mugina,Butahana,Rungogo,colline
BUJUMBURA,Mugina,Butahana,Rutorero,colline
BUJUMBURA,Mugina,Mabayi,Gitukura,colline
BUJUMBURA,Mugina,Mabayi,Kabere,colline
BUJUMBURA,Mugina,Mabayi,Kibande,colline
BUJUMBURA,Mugina,Mabayi,Mukoma,colline
BUJUMBURA,Mugina,Mabayi,Nyagaseke,colline
BUJUMBURA,Mugina,Mabayi,Rushiha,colline
BUJUMBURA,Mugina,Mugina,Butaramuka,colline
BUJUMBURA,Mugina,Mugina,Bwayi,colline
BUJUMBURA,Mugina,Mugina,Marumpu,colline
BUJUMBURA,Mugina,Mugina,Mugina,colline
BUJUMBURA,Mugina,Nyamakarabo,Gitumba,colline
BUJUMBURA,Mugina,Nyamakarabo,Nyamakarabo,colline
BUJUMBURA,Mugina,Nyamakarabo,Nyempundu,colline
BUJUMBURA,Mugina,Rubona,Kagurutsi,colline
BUJUMBURA,Mugina,Rubona,Gisumo,colline
BUJUMBURA,Mugina,Rubona,Ngoma,colline
BUJUMBURA,Mugina,Rubona,Nyamihana,colline
BUJUMBURA,Mugina,Rubona,Rubona,colline
BUJUMBURA,Mugina,Rugajo,Gitebe,colline
BUJUMBURA,Mugina,Rugajo,Muyange,colline
BUJUMBURA,Mugina,Rugajo,Mwarangabo,colline
BUJUMBURA,Mugina,Rugajo,Kirinzi,colline
BUJUMBURA,Mugina,Rugajo,Rubirizi,colline
BUJUMBURA,Mugina,Rugajo,Rugajo,colline
BUJUMBURA,Mugina,Rugajo,Rugendo,colline
BUJUMBURA,Mugina,Rugajo,Rusagara,colline
BUJUMBURA,Mugina,Ruhororo,Gasebeyi,colline
BUJUMBURA,Mugina,Ruhororo,Miremera,colline
BUJUMBURA,Mugina,Ruhororo,Ruhororo,colline
BUJUMBURA,Mugina,Ruziba,Camakombe,colline
BUJUMBURA,Mugina,Ruziba,Rushima,colline
BUJUMBURA,Mugina,Ruziba,Ruziba,colline
BUJUMBURA,Muhuta,Bugarama,Bugarama,colline
BUJUMBURA,Muhuta,Bugarama,Kagona,colline
BUJUMBURA,Muhuta,Bugarama,Kayombe,colline
BUJUMBURA,Muhuta,Bugarama,Nyabungere,colline
BUJUMBURA,Muhuta,Busenge,Burazi,colline
BUJUMBURA,Muhuta,Busenge,Busenge,colline
BUJUMBURA,Muhuta,Busenge,Canda,colline
BUJUMBURA,Muhuta,Busenge,Gasebeyi,colline
BUJUMBURA,Muhuta,Busenge,Gihondo,colline
BUJUMBURA,Muhuta,Busenge,Rubura,colline
BUJUMBURA,Muhuta,Gitaza,Gasange,colline
BUJUMBURA,Muhuta,Gitaza,Gitaza,colline
BUJUMBURA,Muhuta,Gitaza,Kibingo,colline
BUJUMBURA,Muhuta,Gitaza,Mubanga,colline
BUJUMBURA,Muhuta,Gitaza,Mubone,colline
BUJUMBURA,Muhuta,Gitaza,Rutunga,colline
BUJUMBURA,Muhuta,Magara,Burangwa,colline
BUJUMBURA,Muhuta,Magara,Cashi,colline
BUJUMBURA,Muhuta,Magara,Kazigo,colline
BUJUMBURA,Muhuta,Magara,Magara,colline
BUJUMBURA,Muhuta,Magara,Mugendo,colline
BUJUMBURA,Muhuta,Magara,Vuma,colline
BUJUMBURA,Muhuta,Muhuta,Buringa,colline
BUJUMBURA,Muhuta,Muhuta,Buyenzi,colline
BUJUMBURA,Muhuta,Muhuta,Gitunda,colline
BUJUMBURA,Muhuta,Muhuta,Kirombwe,colline
BUJUMBURA,Muhuta,Muhuta,Muhuta,colline
BUJUMBURA,Muhuta,Ruteme,Bambo,colline
BUJUMBURA,Muhuta,Ruteme,Mihororo,colline
BUJUMBURA,Muhuta,Ruteme,Ruteme,colline
BUJUMBURA,Muhuta,Ruteme,Nyaruyaga,colline
BUJUMBURA,Muhuta,Rutongo,Higiro,colline
BUJUMBURA,Muhuta,Rutongo,Kanzaganya,colline
BUJUMBURA,Muhuta,Rutongo,Kizuga,colline
BUJUMBURA,Muhuta,Rutongo,Masara,colline
BUJUMBURA,Muhuta,Rutongo,Murago,colline
BUJUMBURA,Muhuta,Rutongo,Rutongo,colline
BUJUMBURA,Muhuta,Rutongo,Ruyobera,colline
BUJUMBURA,Muhuta,Rutongo,Sakonga,colline
BUJUMBURA,Mukaza,Buyenzi,Kanzigiri,quartier
BUJUMBURA,Mukaza,Buyenzi,Ruvumera,quartier
BUJUMBURA,Mukaza,Buyenzi,Swahili,quartier
BUJUMBURA,Mukaza,Bwiza,Bwiza,quartier
BUJUMBURA,Mukaza,Bwiza,Jabe,quartier
BUJUMBURA,Mukaza,Mukaza,Kabondo,quartier
BUJUMBURA,Mukaza,Mukaza,Kiriri,quartier
BUJUMBURA,Mukaza,Mukaza,Mukaza,quartier
BUJUMBURA,Mukaza,Mukaza,Ngendandumwe,quartier
BUJUMBURA,Mukaza,Mukaza,Ratiro,quartier
BUJUMBURA,Mukaza,Mukaza,Rohero,quartier
BUJUMBURA,Mukaza,Mukaza,Rweza,quartier
BUJUMBURA,Mukaza,Muyira,Bigoma,colline
BUJUMBURA,Mukaza,Muyira,Coga,colline
BUJUMBURA,Mukaza,Muyira,Kavumu,colline
BUJUMBURA,Mukaza,Muyira,Kirombwe,colline
BUJUMBURA,Mukaza,Muyira,Mirama,colline
BUJUMBURA,Mukaza,Muyira,Muyira,colline
BUJUMBURA,Mukaza,Muyira,Rubizi,colline
BUJUMBURA,Mukaza,Nyakabiga,Mugoboka,quartier
BUJUMBURA,Mukaza,Nyakabiga,Mutanga,quartier
BUJUMBURA,Mukaza,Nyakabiga,Nyakabiga,quartier
BUJUMBURA,Mukaza,Nyakabiga,Rumuri,quartier
BUJUMBURA,Ntahangwa,Benga,Benga,colline
BUJUMBURA,Ntahangwa,Benga,Karunga,colline
BUJUMBURA,Ntahangwa,Benga,Kwigere,colline
BUJUMBURA,Ntahangwa,Buterere,Bumwe,quartier
BUJUMBURA,Ntahangwa,Buterere,Kabusa,quartier
BUJUMBURA,Ntahangwa,Buterere,Kiyange,quartier
BUJUMBURA,Ntahangwa,Buterere,Mubone,quartier
BUJUMBURA,Ntahangwa,Buterere,Mugaruro,quartier
BUJUMBURA,Ntahangwa,Buterere,Muhuza,quartier
BUJUMBURA,Ntahangwa,Buterere,Mwezi,quartier
BUJUMBURA,Ntahangwa,Buterere,Mwizero,quartier
BUJUMBURA,Ntahangwa,Cibitoke,Buhuriro,quartier
BUJUMBURA,Ntahangwa,Cibitoke,Humuriza,quartier
BUJUMBURA,Ntahangwa,Cibitoke,Mahoro,quartier
BUJUMBURA,Ntahangwa,Cibitoke,Muhuza,quartier
BUJUMBURA,Ntahangwa,Cibitoke,Mutakura,quartier
BUJUMBURA,Ntahangwa,Cibitoke,Mwizero,quartier
BUJUMBURA,Ntahangwa,Cibitoke,Nyamwiza,quartier
BUJUMBURA,Ntahangwa,Gatumba,Cuhiro,quartier
BUJUMBURA,Ntahangwa,Gatumba,Gaharawe,quartier
BUJUMBURA,Ntahangwa,Gatumba,Keza,quartier
BUJUMBURA,Ntahangwa,Gatumba,Mahotera,quartier
BUJUMBURA,Ntahangwa,Gatumba,Murinzi,quartier
BUJUMBURA,Ntahangwa,Gatumba,Mushasha,quartier
BUJUMBURA,Ntahangwa,Gatumba,Rusizi,quartier
BUJUMBURA,Ntahangwa,Gatumba,Vugizo,quartier
BUJUMBURA,Ntahangwa,Gatumba,Warubondo,quartier
BUJUMBURA,Ntahangwa,Gihosha,Gitare,quartier
BUJUMBURA,Ntahangwa,Gihosha,Huriro,quartier
BUJUMBURA,Ntahangwa,Gihosha,Kigobe,quartier
BUJUMBURA,Ntahangwa,Gihosha,Muyaga,quartier
BUJUMBURA,Ntahangwa,Gihosha,Nyabagere,quartier
BUJUMBURA,Ntahangwa,Gihosha,Sanganiro,quartier
BUJUMBURA,Ntahangwa,Gihosha,Sangwe,quartier
BUJUMBURA,Ntahangwa,Gihosha,Taba,quartier
BUJUMBURA,Ntahangwa,Gihosha,Winterekwa,quartier
BUJUMBURA,Ntahangwa,Kamenge,Gikizi,quartier
BUJUMBURA,Ntahangwa,Kamenge,Gituro,quartier
BUJUMBURA,Ntahangwa,Kamenge,Heha,quartier
BUJUMBURA,Ntahangwa,Kamenge,Kavumu,quartier
BUJUMBURA,Ntahangwa,Kamenge,Mirango,quartier
BUJUMBURA,Ntahangwa,Kamenge,Mukozi,quartier
BUJUMBURA,Ntahangwa,Kamenge,Songa,quartier
BUJUMBURA,Ntahangwa,Kamenge,Teza,quartier
BUJUMBURA,Ntahangwa,Kamenge,Twinyoni,quartier
BUJUMBURA,Ntahangwa,Kamenge,Twizerane,quartier
BUJUMBURA,Ntahangwa,Kinama,Bubanza,quartier
BUJUMBURA,Ntahangwa,Kinama,Buhinyuza,quartier
BUJUMBURA,Ntahangwa,Kinama,Bururi,quartier
BUJUMBURA,Ntahangwa,Kinama,Carama,quartier
BUJUMBURA,Ntahangwa,Kinama,Gitega,quartier
BUJUMBURA,Ntahangwa,Kinama,Kanga,quartier
BUJUMBURA,Ntahangwa,Kinama,Muco,quartier
BUJUMBURA,Ntahangwa,Kinama,Muramvya,quartier
BUJUMBURA,Ntahangwa,Kinama,Mutaga,quartier
BUJUMBURA,Ntahangwa,Kinama,Muyinga,quartier
BUJUMBURA,Ntahangwa,Kinama,Ngozi,quartier
BUJUMBURA,Ntahangwa,Kinama,Ruyigi,quartier
BUJUMBURA,Ntahangwa,Kirekura,Budahirwa,colline
BUJUMBURA,Ntahangwa,Kirekura,Bugoma,colline
BUJUMBURA,Ntahangwa,Kirekura,Kivogero,colline
BUJUMBURA,Ntahangwa,Kirekura,Mikangara,colline
BUJUMBURA,Ntahangwa,Kirekura,Nyaruhama,colline
BUJUMBURA,Ntahangwa,Mutimbuzi,Bigwati,quartier
BUJUMBURA,Ntahangwa,Mutimbuzi,Buhomba,quartier
BUJUMBURA,Ntahangwa,Mutimbuzi,Masanganzira,quartier
BUJUMBURA,Ntahangwa,Mutimbuzi,Mugirigiri,quartier
BUJUMBURA,Ntahangwa,Mutimbuzi,Mutimbuzi,quartier
BUJUMBURA,Ntahangwa,Mutimbuzi,Muzazi,quartier
BUJUMBURA,Ntahangwa,Mutimbuzi,Samariro,quartier
BUJUMBURA,Ntahangwa,Ngagara,Gateka,quartier
BUJUMBURA,Ntahangwa,Ngagara,Mahinguriro,quartier
BUJUMBURA,Ntahangwa,Ngagara,Majambere,quartier
BUJUMBURA,Ntahangwa,Ngagara,Mubano,quartier
BUJUMBURA,Ntahangwa,Ngagara,Mugisha,quartier
BUJUMBURA,Ntahangwa,Ngagara,Muhinga,quartier
BUJUMBURA,Ntahangwa,Ngagara,Muhizi,quartier
BUJUMBURA,Ntahangwa,Ngagara,Ngagara,quartier
BUJUMBURA,Ntahangwa,Ngagara,Rukundo,quartier
BUJUMBURA,Ntahangwa,Nyambuye,Gishingano,colline
BUJUMBURA,Ntahangwa,Nyambuye,Nyakibande,colline
BUJUMBURA,Ntahangwa,Nyambuye,Nyambuye,colline
BUJUMBURA,Ntahangwa,Rubirizi,Gahahe,colline
BUJUMBURA,Ntahangwa,Rubirizi,Gahwama,colline
BUJUMBURA,Ntahangwa,Rubirizi,Gasenyi,colline
BUJUMBURA,Ntahangwa,Rubirizi,Gatunguru,colline
BUJUMBURA,Ntahangwa,Rubirizi,Karama,colline
BUJUMBURA,Ntahangwa,Rubirizi,Muyange,colline
BUJUMBURA,Ntahangwa,Rubirizi,Nyabunyegeri,colline
BUJUMBURA,Ntahangwa,Rubirizi,Rubirizi,colline
BUJUMBURA,Ntahangwa,Rubirizi,Tenga,colline
BUJUMBURA,Ntahangwa,Rukaramu,Gakumbu,quartier
BUJUMBURA,Ntahangwa,Rukaramu,Kagera,quartier
BUJUMBURA,Ntahangwa,Rukaramu,Kajaga,quartier
BUJUMBURA,Ntahangwa,Rukaramu,Kinyinya,quartier
BUJUMBURA,Ntahangwa,Rukaramu,Ruvyagira,quartier
BUJUMBURA,Rwibaga,Bikanka,Bikanka,colline
BUJUMBURA,Rwibaga,Bikanka,Kigozi,colline
BUJUMBURA,Rwibaga,Bikanka,Ndayi,colline
BUJUMBURA,Rwibaga,Jenda,Buhoro,colline
BUJUMBURA,Rwibaga,Jenda,Jenda,colline
BUJUMBURA,Rwibaga,Jenda,Kanyunya,colline
BUJUMBURA,Rwibaga,Jenda,Mugoyi,colline
BUJUMBURA,Rwibaga,Jenda,Nyarushanga,colline
BUJUMBURA,Rwibaga,Jenda,Rwibaga,colline
BUJUMBURA,Rwibaga,Jenda,Vyuya,colline
BUJUMBURA,Rwibaga,Kankima,Kibira,colline
BUJUMBURA,Rwibaga,Kankima,Nyamugari,colline
BUJUMBURA,Rwibaga,Kankima,Rutambiro,colline
BUJUMBURA,Rwibaga,Kigina,Karama,colline
BUJUMBURA,Rwibaga,Kigina,Kigina,colline
BUJUMBURA,Rwibaga,Kigina,Kinama,colline
BUJUMBURA,Rwibaga,Kigina,Mugendo,colline
BUJUMBURA,Rwibaga,Matara,Kizunga,colline
BUJUMBURA,Rwibaga,Matara,Matara,colline
BUJUMBURA,Rwibaga,Matara,Mukonko,colline
BUJUMBURA,Rwibaga,Matara,Mwumba,colline
BUJUMBURA,Rwibaga,Mugongo,Butagazwa,colline
BUJUMBURA,Rwibaga,Mugongo,Gisarwe,colline
BUJUMBURA,Rwibaga,Mugongo,Mugongo,colline
BUJUMBURA,Rwibaga,Mugongo,Murunga,colline
BUJUMBURA,Rwibaga,Mukike,Mayuyu,colline
BUJUMBURA,Rwibaga,Mukike,Nyarumanga,colline
BUJUMBURA,Rwibaga,Mukike,Rurambira,colline
BUJUMBURA,Rwibaga,Mukike,Ruzibazi,colline
BUJUMBURA,Rwibaga,Nyabibondo,Gasarara,colline
BUJUMBURA,Rwibaga,Nyabibondo,Mayemba,colline
BUJUMBURA,Rwibaga,Nyabibondo,Mbare,colline
BUJUMBURA,Rwibaga,Nyabibondo,Muhuha,colline
BUJUMBURA,Rwibaga,Nyabibondo,Nyabibondo,colline
BUJUMBURA,Rwibaga,Nyabiraba,Bubaji,colline
BUJUMBURA,Rwibaga,Nyabiraba,Kinyami,colline
BUJUMBURA,Rwibaga,Nyabiraba,Musenyi,colline
BUJUMBURA,Rwibaga,Nyabiraba,Nyabiraba,colline
BUJUMBURA,Rwibaga,Nyabiraba,Raro,colline
BUJUMBURA,Rwibaga,Rukina,Mutobo,colline
BUJUMBURA,Rwibaga,Rukina,Ruhororo,colline
BUJUMBURA,Rwibaga,Rukina,Rukina,colline
BURUNGA,Bururi,Bamba,Jungwe,colline
BURUNGA,Bururi,Bamba,Kagwa,colline
BURUNGA,Bururi,Bamba,Nyamiyaga,colline
BURUNGA,Bururi,Bamba,Nyarwaga,colline
BURUNGA,Bururi,Bamba,Ruvumu,colline
BURUNGA,Bururi,Binyuro,Bugeni,colline
BURUNGA,Bururi,Binyuro,Bwatemba,colline
BURUNGA,Bururi,Binyuro,Gihinga,colline
BURUNGA,Bururi,Binyuro,Gitwaro,colline
BURUNGA,Bururi,Binyuro,Mubuga,colline
BURUNGA,Bururi,Binyuro,Ntunda,colline
BURUNGA,Bururi,Bururi,Gisanze,colline
BURUNGA,Bururi,Bururi,Mahonda,colline
BURUNGA,Bururi,Bururi,Mudahandwa,colline
BURUNGA,Bururi,Bururi,Mugozi,colline
BURUNGA,Bururi,Bururi,Murago,colline
BURUNGA,Bururi,Bururi,Tongwe,colline
BURUNGA,Bururi,Bururi,Bururi,quartier
BURUNGA,Bururi,Bururi,Kigwati,quartier
BURUNGA,Bururi,Bururi,Rumonyi,quartier
BURUNGA,Bururi,Condi,Gikwazo,colline
BURUNGA,Bururi,Condi,Kagimbu,colline
BURUNGA,Bururi,Condi,Kivubo,colline
BURUNGA,Bururi,Condi,Nyabucokwe,colline
BURUNGA,Bururi,Condi,Rutoke,colline
BURUNGA,Bururi,Condi,Sanzu,colline
BURUNGA,Bururi,Burunga,Burunga,colline
BURUNGA,Bururi,Burunga,Kiganda,colline
BURUNGA,Bururi,Burunga,Mubuga,colline
BURUNGA,Bururi,Burunga,Rukanda,colline
BURUNGA,Bururi,Gitsiro,Kabwayi,colline
BURUNGA,Bururi,Gitsiro,Kigutu,colline
BURUNGA,Bururi,Gitsiro,Kirungu,colline
BURUNGA,Bururi,Gitsiro,Mirango,colline
BURUNGA,Bururi,Gitsiro,Mushishi,colline
BURUNGA,Bururi,Kajondi,Gihanga,colline
BURUNGA,Bururi,Kajondi,Gikizi,colline
BURUNGA,Bururi,Kajondi,Kajondi,colline
BURUNGA,Bururi,Kajondi,Musenyi,colline
BURUNGA,Bururi,Kajondi,Ruringanizo,colline
BURUNGA,Bururi,Muhweza,Gikana,colline
BURUNGA,Bururi,Muhweza,Gitobo,colline
BURUNGA,Bururi,Muhweza,Muhweza,colline
BURUNGA,Bururi,Muhweza,Musongati,colline
BURUNGA,Bururi,Muhweza,Mwarusi,colline
BURUNGA,Bururi,Munini,Buhinga,colline
BURUNGA,Bururi,Munini,Burenza,colline
BURUNGA,Bururi,Munini,Gahago,colline
BURUNGA,Bururi,Munini,Gasenyi,colline
BURUNGA,Bururi,Munini,Gatanga,colline
BURUNGA,Bururi,Munini,Munini,colline
BURUNGA,Bururi,Munini,Muyange,colline
BURUNGA,Bururi,Munini,Nyarugera,colline
BURUNGA,Bururi,Muzenga,Bwarana,colline
BURUNGA,Bururi,Muzenga,Muzima,colline
BURUNGA,Bururi,Muzenga,Nyavyamo,colline
BURUNGA,Bururi,Muzenga,Rushemeza,colline
BURUNGA,Bururi,Muzenga,Rwankona,colline
BURUNGA,Bururi,Muzenga,Kiremba,quartier
BURUNGA,Bururi,Rutovu,Kijima,colline
BURUNGA,Bururi,Rutovu,Kinyonzo,colline
BURUNGA,Bururi,Rutovu,Munyinya,colline
BURUNGA,Bururi,Rutovu,Mutangaro,colline
BURUNGA,Bururi,Rutovu,Muzenga,colline
BURUNGA,Bururi,Rutovu,Ruhando,colline
BURUNGA,Bururi,Vyanda,Kagoma,colline
BURUNGA,Bururi,Vyanda,Karehe,colline
BURUNGA,Bururi,Vyanda,Karirimvya,colline
BURUNGA,Bururi,Vyanda,Migera,colline
BURUNGA,Bururi,Vyanda,Nyakabenga,colline
BURUNGA,Bururi,Vyanda,Rweza,colline
BURUNGA,Makamba,Bukeye,Bukeye,colline
BURUNGA,Makamba,Bukeye,Busoro,colline
BURUNGA,Makamba,Bukeye,Gikama,colline
BURUNGA,Makamba,Bukeye,Murambi,colline
BURUNGA,Makamba,Bukeye,Nyakazi,colline
BURUNGA,Makamba,Bukeye,Nyarubanga,colline
BURUNGA,Makamba,Bigina,Bigina,colline
BURUNGA,Makamba,Bigina,Gasenga,colline
BURUNGA,Makamba,Bigina,Kibara,colline
BURUNGA,Makamba,Bigina,Mayange,colline
BURUNGA,Makamba,Bigina,Mudaturwa,colline
BURUNGA,Makamba,Bigina,Mukingo,colline
BURUNGA,Makamba,Bigina,Musasa,colline
BURUNGA,Makamba,Bigina,Sampeke,colline
BURUNGA,Makamba,Nyantakara,Gitaba,colline
BURUNGA,Makamba,Nyantakara,Mugeregere,colline
BURUNGA,Makamba,Nyantakara,Muguruka,colline
BURUNGA,Makamba,Nyantakara,Nyantakara,colline
BURUNGA,Makamba,Canda,Canda,colline
BURUNGA,Makamba,Canda,Kirare,colline
BURUNGA,Makamba,Canda,Nyankara,colline
BURUNGA,Makamba,Dunga,Dunga,colline
BURUNGA,Makamba,Dunga,Kigaza,colline
BURUNGA,Makamba,Dunga,Rusovu,colline
BURUNGA,Makamba,Dunga,Shaka,colline
BURUNGA,Makamba,Gatabo,Buga,colline
BURUNGA,Makamba,Gatabo,Gatabo,colline
BURUNGA,Makamba,Gatabo,Nkaramanyenye,colline
BURUNGA,Makamba,Gatabo,Rutenderi,colline
BURUNGA,Makamba,Gitaba,Cunamwe,colline
BURUNGA,Makamba,Gitaba,Gitaba,colline
BURUNGA,Makamba,Gitaba,Karonge,colline
BURUNGA,Makamba,Gitaba,Mahembe,colline
BURUNGA,Makamba,Gitaba,Mpinga,colline
BURUNGA,Makamba,Gitaba,Mugutu,colline
BURUNGA,Makamba,Gitaba,Murambi,colline
BURUNGA,Makamba,Gitaba,Murango,colline
BURUNGA,Makamba,Gitaba,Muvumu,colline
BURUNGA,Makamba,Gitaba,Nyabangwe,colline
BURUNGA,Makamba,Gisenyi,Gasaka,colline
BURUNGA,Makamba,Gisenyi,Gisenyi,colline
BURUNGA,Makamba,Gisenyi,Kanzege,colline
BURUNGA,Makamba,Gisenyi,Munonotsi,colline
BURUNGA,Makamba,Gisenyi,Musanga,colline
BURUNGA,Makamba,Gisenyi,Rabiro,colline
BURUNGA,Makamba,Gisenyi,Siza,colline
BURUNGA,Makamba,Kabuye,Gihero,colline
BURUNGA,Makamba,Kabuye,Kinoso,colline
BURUNGA,Makamba,Kabuye,Kizingoma,colline
BURUNGA,Makamba,Kabuye,Nyabigina,colline
BURUNGA,Makamba,Kayogoro,Borera,colline
BURUNGA,Makamba,Kayogoro,Butare,colline
BURUNGA,Makamba,Kayogoro,Kabizi,colline
BURUNGA,Makamba,Kayogoro,Kibimba,colline
BURUNGA,Makamba,Kayogoro,Muyaga,colline
BURUNGA,Makamba,Kayogoro,Buhirwe,quartier
BURUNGA,Makamba,Kayogoro,Gitaramuka,quartier
BURUNGA,Makamba,Kayogoro,Mushasha,quartier
BURUNGA,Makamba,Kayogoro,Swahili,quartier
BURUNGA,Makamba,Kibago,Jimbi,colline
BURUNGA,Makamba,Kibago,Kibago,colline
BURUNGA,Makamba,Kibago,Kivoga,colline
BURUNGA,Makamba,Kibago,Mbizi,colline
BURUNGA,Makamba,Kibago,Rubimba,colline
BURUNGA,Makamba,Kibago,Ruyange,colline
BURUNGA,Makamba,Kiyange,Kabanga,colline
BURUNGA,Makamba,Kiyange,Kiyange,colline
BURUNGA,Makamba,Kiyange,Masaswe,colline
BURUNGA,Makamba,Kiyange,Migongo,colline
BURUNGA,Makamba,Kiyange,Nyabigina,colline
BURUNGA,Makamba,Kiyange,Nyarutuntu,colline
BURUNGA,Makamba,Kiyange,Rusunwe,colline
BURUNGA,Makamba,Makamba,Kayoba,colline
BURUNGA,Makamba,Makamba,Muresi,colline
BURUNGA,Makamba,Makamba,Gitwa,quartier
BURUNGA,Makamba,Makamba,Kigarama,quartier
BURUNGA,Makamba,Makamba,Kigwati,quartier
BURUNGA,Makamba,Makamba,Kirama,quartier
BURUNGA,Makamba,Makamba,Mukenke,quartier
BURUNGA,Makamba,Makamba,Muyogo,quartier
BURUNGA,Makamba,Makamba,Nyaburumba,quartier
BURUNGA,Makamba,Makamba,Nyankoni,quartier
BURUNGA,Makamba,Makamba,Rugarama,quartier
BURUNGA,Makamba,Makamba,Rukanko,quartier
BURUNGA,Makamba,Makamba,Swahili,quartier
BURUNGA,Makamba,Mugeni,Buhema,colline
BURUNGA,Makamba,Mugeni,Bujondi,colline
BURUNGA,Makamba,Mugeni,Kigomagoma,colline
BURUNGA,Makamba,Mugeni,Kiyange,colline
BURUNGA,Makamba,Mugeni,Mugeni,colline
BURUNGA,Makamba,Nyange,Mihongo,colline
BURUNGA,Makamba,Nyange,Ndago,colline
BURUNGA,Makamba,Nyange,Ruremba,colline
BURUNGA,Matana,Gasibe,Bitezi,colline
BURUNGA,Matana,Gasibe,Gitanga,colline
BURUNGA,Matana,Gasibe,Kinyinya,colline
BURUNGA,Matana,Gasibe,Ntega,colline
BURUNGA,Matana,Gasibe,Sakinyonga,colline
BURUNGA,Matana,Gisarenda,Butwe,colline
BURUNGA,Matana,Gisarenda,Gisarenda,colline
BURUNGA,Matana,Gisarenda,Mahango,colline
BURUNGA,Matana,Gisarenda,Ruzira,colline
BURUNGA,Matana,Kibezi,Donge,colline
BURUNGA,Matana,Kibezi,Kibezi,colline
BURUNGA,Matana,Kibezi,Mpota,colline
BURUNGA,Matana,Kibezi,Musho,colline
BURUNGA,Matana,Kibezi,Mutobo,colline
BURUNGA,Matana,Kivumu,Gakaranka,colline
BURUNGA,Matana,Kivumu,Kivumu,colline
BURUNGA,Matana,Kivumu,Munini,colline
BURUNGA,Matana,Kiryama,Gahanda,colline
BURUNGA,Matana,Kiryama,Kinwa,colline
BURUNGA,Matana,Kiryama,Kiryama,colline
BURUNGA,Matana,Kiryama,Mutsinda,colline
BURUNGA,Matana,Kiryama,Rutundwe,colline
BURUNGA,Matana,Kiryama,Rwego,colline
BURUNGA,Matana,Mahwa,Kampezi,colline
BURUNGA,Matana,Mahwa,Mahwa,colline
BURUNGA,Matana,Mahwa,Ndava,colline
BURUNGA,Matana,Mahwa,Nyabikenke,colline
BURUNGA,Matana,Matana,Bihanga,colline
BURUNGA,Matana,Matana,Gisisye,colline
BURUNGA,Matana,Matana,Matana,colline
BURUNGA,Matana,Matana,Mugano,colline
BURUNGA,Matana,Muheka,Muheka,colline
BURUNGA,Matana,Muheka,Musenyi,colline
BURUNGA,Matana,Muheka,Taba,colline
BURUNGA,Matana,Mugamba,Burasira,colline
BURUNGA,Matana,Mugamba,Coma,colline
BURUNGA,Matana,Mugamba,Ntentamaza,colline
BURUNGA,Matana,Mugamba,Nyatubuye,colline
BURUNGA,Matana,Mugamba,Rukere,colline
BURUNGA,Matana,Mugamba,Taba,colline
BURUNGA,Matana,Mwumba,Gitara,colline
BURUNGA,Matana,Mwumba,Gitaramuka,colline
BURUNGA,Matana,Mwumba,Gozi,colline
BURUNGA,Matana,Mwumba,Mwumba,colline
BURUNGA,Matana,Ndago,Jenda,colline
BURUNGA,Matana,Ndago,Ndago,colline
BURUNGA,Matana,Nyagasasa,Mubira,colline
BURUNGA,Matana,Nyagasasa,Ndengo,colline
BURUNGA,Matana,Nyagasasa,Nyakigano,colline
BURUNGA,Matana,Nyagasasa,Nyamugari,colline
BURUNGA,Matana,Nyagasasa,Ruhinga,colline
BURUNGA,Matana,Nyagasasa,Ruko,colline
BURUNGA,Matana,Ruvumvu,Rusama,colline
BURUNGA,Matana,Ruvumvu,Tara,colline
BURUNGA,Matana,Ruvumvu,Yengero,colline
BURUNGA,Matana,Songa,Kigabiro,colline
BURUNGA,Matana,Songa,Muzamba,colline
BURUNGA,Matana,Songa,Songa,colline
BURUNGA,Matana,Vyuya,Gataka,colline
BURUNGA,Matana,Vyuya,Kirinzi,colline
BURUNGA,Matana,Vyuya,Mugomera,colline
BURUNGA,Matana,Vyuya,Nyakimonyi,colline
BURUNGA,Matana,Vyuya,Vyuya,colline
BURUNGA,Musongati,Butezi,Buhogo,colline
BURUNGA,Musongati,Butezi,Butezi,colline
BURUNGA,Musongati,Butezi,Kabingo,colline
BURUNGA,Musongati,Butezi,Kibimba,colline
BURUNGA,Musongati,Butezi,Mutwana,colline
BURUNGA,Musongati,Butezi,Mwebeya,colline
BURUNGA,Musongati,Butezi,Nkanka,colline
BURUNGA,Musongati,Butezi,Rubanga,colline
BURUNGA,Musongati,Butezi,Shasha,colline
BURUNGA,Musongati,Gakungu,Gakungu,colline
BURUNGA,Musongati,Gakungu,Mugombwa,colline
BURUNGA,Musongati,Gakungu,Murara,colline
BURUNGA,Musongati,Gakungu,Murembera,colline
BURUNGA,Musongati,Gakungu,Mwango,colline
BURUNGA,Musongati,Gakungu,Ngomante,colline
BURUNGA,Musongati,Gakungu,Nyabakara,colline
BURUNGA,Musongati,Gakungu,Nyamateke,colline
BURUNGA,Musongati,Gatakazi,Gatakazi,colline
BURUNGA,Musongati,Gatakazi,Kagunga,colline
BURUNGA,Musongati,Gatakazi,Maganahe,colline
BURUNGA,Musongati,Gatakazi,Rusunu,colline
BURUNGA,Musongati,Gatakazi,Yove,colline
BURUNGA,Musongati,Giharo,Bayaga,colline
BURUNGA,Musongati,Giharo,Bukeno,colline
BURUNGA,Musongati,Giharo,Giharo,colline
BURUNGA,Musongati,Giharo,Gitanga,colline
BURUNGA,Musongati,Giharo,Kanyererwe,colline
BURUNGA,Musongati,Giharo,Mura,colline
BURUNGA,Musongati,Giharo,Musenyi,colline
BURUNGA,Musongati,Giharo,Nkurye,colline
BURUNGA,Musongati,Kayero,Gihera,colline
BURUNGA,Musongati,Kayero,Gitaba,colline
BURUNGA,Musongati,Kayero,Juragati,colline
BURUNGA,Musongati,Kayero,Kayove,colline
BURUNGA,Musongati,Kayero,Munyika,colline
BURUNGA,Musongati,Kayero,Musotera,colline
BURUNGA,Musongati,Kayero,Ngarama,colline
BURUNGA,Musongati,Kayero,Nyamiyaga,colline
BURUNGA,Musongati,Kayero,Rorero,colline
BURUNGA,Musongati,Kiguhu,Buranga,colline
BURUNGA,Musongati,Kiguhu,Gasasa,colline
BURUNGA,Musongati,Kiguhu,Kiguhu,colline
BURUNGA,Musongati,Kiguhu,Mbuye,colline
BURUNGA,Musongati,Kiguhu,Mihama,colline
BURUNGA,Musongati,Kiguhu,Nyakabanda,colline
BURUNGA,Musongati,Kiguhu,Nyakazu,colline
BURUNGA,Musongati,Mpinga,Butambara,colline
BURUNGA,Musongati,Mpinga,Butamya,colline
BURUNGA,Musongati,Mpinga,Gihinga,colline
BURUNGA,Musongati,Mpinga,Kagoma,colline
BURUNGA,Musongati,Mpinga,Kibanda,colline
BURUNGA,Musongati,Mpinga,Kigamba,colline
BURUNGA,Musongati,Mpinga,Maganahe,colline
BURUNGA,Musongati,Mpinga,Mpinga,colline
BURUNGA,Musongati,Mpinga,Muganza,colline
BURUNGA,Musongati,Mugondo,Bayumbu,colline
BURUNGA,Musongati,Mugondo,Gasenga,colline
BURUNGA,Musongati,Mugondo,Gasozi,colline
BURUNGA,Musongati,Mugondo,Mugondo,colline
BURUNGA,Musongati,Mugondo,Ngara,colline
BURUNGA,Musongati,Mugondo,Ntonzi,colline
BURUNGA,Musongati,Mugondo,Rasa,colline
BURUNGA,Musongati,Mugondo,Rutoke,colline
BURUNGA,Musongati,Musongati,Buhinga,colline
BURUNGA,Musongati,Musongati,Giheta,colline
BURUNGA,Musongati,Musongati,Kamaramagambo,colline
BURUNGA,Musongati,Musongati,Nyabigozi,colline
BURUNGA,Musongati,Musongati,Nyabisindu,colline
BURUNGA,Musongati,Musongati,Runyoni,colline
BURUNGA,Musongati,Muzye,Buyaga,colline
BURUNGA,Musongati,Muzye,Gatonga,colline
BURUNGA,Musongati,Muzye,Murehe,colline
BURUNGA,Musongati,Muzye,Muzye,colline
BURUNGA,Musongati,Muzye,Nyembuye,colline
BURUNGA,Musongati,Muzye,Shembe,colline
BURUNGA,Musongati,Ngoma,Cero,colline
BURUNGA,Musongati,Ngoma,Makakwe,colline
BURUNGA,Musongati,Ngoma,Mungwa,colline
BURUNGA,Musongati,Ngoma,Munywero,colline
BURUNGA,Musongati,Ngoma,Musagara,colline
BURUNGA,Musongati,Ngoma,Ngoma,colline
BURUNGA,Musongati,Ngoma,Nyabibuye,colline
BURUNGA,Musongati,Shanga,Gisasa,colline
BURUNGA,Musongati,Shanga,Karera,colline
BURUNGA,Musongati,Shanga,Mabawe,colline
BURUNGA,Musongati,Shanga,Mbuza,colline
BURUNGA,Musongati,Shanga,Nyangazi,colline
BURUNGA,Musongati,Shanga,Nyanza,colline
BURUNGA,Musongati,Shanga,Rugunga,colline
BURUNGA,Musongati,Shanga,Shanga,colline
BURUNGA,Nyanza,Gishiha,Jongwe,colline
BURUNGA,Nyanza,Gishiha,Kiyazi,colline
BURUNGA,Nyanza,Gishiha,Mutobo,colline
BURUNGA,Nyanza,Gishiha,Nyarubano,colline
BURUNGA,Nyanza,Gishiha,Rurambira,colline
BURUNGA,Nyanza,Gishiha,Rutegama,colline
BURUNGA,Nyanza,Gitara,Bikobe,colline
BURUNGA,Nyanza,Gitara,Budaketwa,colline
BURUNGA,Nyanza,Gitara,Musenyi,colline
BURUNGA,Nyanza,Gitara,Nyamugari,colline
BURUNGA,Nyanza,Gitara,Ruvuga,colline
BURUNGA,Nyanza,Kabonga,Gasaba,colline
BURUNGA,Nyanza,Kabonga,Gisenga,colline
BURUNGA,Nyanza,Kabonga,Kabonga,colline
BURUNGA,Nyanza,Kabonga,Mukerezi,colline
BURUNGA,Nyanza,Kabonga,Nyabigina,colline
BURUNGA,Nyanza,Kayogoro,Bukunda,colline
BURUNGA,Nyanza,Kayogoro,Burima,colline
BURUNGA,Nyanza,Kayogoro,Karinzi,colline
BURUNGA,Nyanza,Kayogoro,Kigamba,colline
BURUNGA,Nyanza,Kayogoro,Mivo,colline
BURUNGA,Nyanza,Kayogoro,Mubondo,colline
BURUNGA,Nyanza,Kayogoro,Nyabitabo,colline
BURUNGA,Nyanza,Kayove,Gahandu,colline
BURUNGA,Nyanza,Kayove,Gikuzi,colline
BURUNGA,Nyanza,Kayove,Martyazo,colline
BURUNGA,Nyanza,Kayove,Mazuru,colline
BURUNGA,Nyanza,Kayove,Murinda,colline
BURUNGA,Nyanza,Kayove,Ndoba,colline
BURUNGA,Nyanza,Kazirabageni,Biniganyi,colline
BURUNGA,Nyanza,Kazirabageni,Buheka,colline
BURUNGA,Nyanza,Kazirabageni,Kazirabageni,colline
BURUNGA,Nyanza,Kazirabageni,Kiderege,colline
BURUNGA,Nyanza,Mabanda,Gikombe,colline
BURUNGA,Nyanza,Mabanda,Gikurazo,colline
BURUNGA,Nyanza,Mabanda,Kibimba,colline
BURUNGA,Nyanza,Mabanda,Mabanda,colline
BURUNGA,Nyanza,Mabanda,Mara,colline
BURUNGA,Nyanza,Mabanda,Mutwazi,colline
BURUNGA,Nyanza,Mabanda,Nkondo,colline
BURUNGA,Nyanza,Mabanda,Mudaturwa,quartier
BURUNGA,Nyanza,Mabanda,Mushasha,quartier
BURUNGA,Nyanza,Mabanda,Nyabusunzu,quartier
BURUNGA,Nyanza,Mabanda,Sagara,quartier
BURUNGA,Nyanza,Mabanda,Samvura,quartier
BURUNGA,Nyanza,Mpinga,Gitaba,colline
BURUNGA,Nyanza,Mpinga,Kagege,colline
BURUNGA,Nyanza,Mpinga,Kigamba,colline
BURUNGA,Nyanza,Mpinga,Mudende,colline
BURUNGA,Nyanza,Mpinga,Rubanda,colline
BURUNGA,Nyanza,Mukubano,Kabo,colline
BURUNGA,Nyanza,Mukubano,Mugumure,colline
BURUNGA,Nyanza,Mukubano,Mukubano,colline
BURUNGA,Nyanza,Mukubano,Ruvumera,colline
BURUNGA,Nyanza,Mukungu,Mukimba,colline
BURUNGA,Nyanza,Mukungu,Mukungu,colline
BURUNGA,Nyanza,Mukungu,Rimbo,colline
BURUNGA,Nyanza,Mukungu,Rubindi,colline
BURUNGA,Nyanza,Muyange,Muyange,colline
BURUNGA,Nyanza,Muyange,Mwimbiro,colline
BURUNGA,Nyanza,Muyange,Nyabutare,colline
BURUNGA,Nyanza,Muyange,Rangi,colline
BURUNGA,Nyanza,Muyange,Ruvyagira,colline
BURUNGA,Nyanza,Nyanza,Bukeye,colline
BURUNGA,Nyanza,Nyanza,Kabondo,colline
BURUNGA,Nyanza,Nyanza,Mugerama,colline
BURUNGA,Nyanza,Nyanza,Mvugo,colline
BURUNGA,Nyanza,Nyanza,Bogorwa,quartier
BURUNGA,Nyanza,Nyanza,Bukeye,quartier
BURUNGA,Nyanza,Nyanza,Gitunda,quartier
BURUNGA,Nyanza,Nyanza,Isanganiro,quartier
BURUNGA,Nyanza,Nyanza,Kigembezi,quartier
BURUNGA,Nyanza,Nyanza,Ngoro,quartier
BURUNGA,Nyanza,Nyanza,Nyamirongo,quartier
BURUNGA,Nyanza,Nyanza,Swahili,quartier
BURUNGA,Nyanza,Vugizo,Higiro,colline
BURUNGA,Nyanza,Vugizo,Karonge,colline
BURUNGA,Nyanza,Vugizo,Kigombe,colline
BURUNGA,Nyanza,Vugizo,Mbizi,colline
BURUNGA,Nyanza,Vugizo,Mugu,colline
BURUNGA,Nyanza,Vugizo,Nyamirinzi,colline
BURUNGA,Nyanza,Vugizo,Rabiro,colline
BURUNGA,Rumonge,Buruhukiro,Gitwe,colline
BURUNGA,Rumonge,Buruhukiro,Karagara,colline
BURUNGA,Rumonge,Buruhukiro,Muhanda,colline
BURUNGA,Rumonge,Buruhukiro,Murambi,colline
BURUNGA,Rumonge,Buruhukiro,Nyagasaka,colline
BURUNGA,Rumonge,Burambi,Bisaka,colline
BURUNGA,Rumonge,Burambi,Busaga,colline
BURUNGA,Rumonge,Burambi,Gahinda,colline
BURUNGA,Rumonge,Burambi,Gitaramuka,colline
BURUNGA,Rumonge,Burambi,Rwaniro,colline
BURUNGA,Rumonge,Buyengero,Kanyinya,colline
BURUNGA,Rumonge,Buyengero,Mabanza,colline
BURUNGA,Rumonge,Buyengero,Mujigo,colline
BURUNGA,Rumonge,Buyengero,Nkizi,colline
BURUNGA,Rumonge,Buyengero,Runyinya,colline
BURUNGA,Rumonge,Gatete,Busebwa,colline
BURUNGA,Rumonge,Gatete,Gatete,colline
BURUNGA,Rumonge,Gatete,Mugara,colline
BURUNGA,Rumonge,Gatete,Mutambara,colline
BURUNGA,Rumonge,Kigwena,Cabara,colline
BURUNGA,Rumonge,Kigwena,Gashasha,colline
BURUNGA,Rumonge,Kigwena,Kanenge,colline
BURUNGA,Rumonge,Kigwena,Mayengo,colline
BURUNGA,Rumonge,Kigwena,Nyakuguma,colline
BURUNGA,Rumonge,Kizuka,Gatwe,colline
BURUNGA,Rumonge,Kizuka,Kagongo,colline
BURUNGA,Rumonge,Kizuka,Kizuka,colline
BURUNGA,Rumonge,Kizuka,Mibanda,colline
BURUNGA,Rumonge,Kizuka,Mwange,colline
BURUNGA,Rumonge,Maramvya,Busura,colline
BURUNGA,Rumonge,Maramvya,Gisenyi,colline
BURUNGA,Rumonge,Maramvya,Gishiha,colline
BURUNGA,Rumonge,Maramvya,Magana,colline
BURUNGA,Rumonge,Maramvya,Maramvya,colline
BURUNGA,Rumonge,Maramvya,Muzi,colline
BURUNGA,Rumonge,Mariza,Buhinyuza,colline
BURUNGA,Rumonge,Mariza,Buyenzi,colline
BURUNGA,Rumonge,Mariza,Rumonyi,colline
BURUNGA,Rumonge,Mariza,Rutwenzi,colline
BURUNGA,Rumonge,Minago,Karonke,colline
BURUNGA,Rumonge,Minago,Minago,colline
BURUNGA,Rumonge,Minago,Muhuzu,colline
BURUNGA,Rumonge,Minago,Muturirwa,colline
BURUNGA,Rumonge,Minago,Rutumo,colline
BURUNGA,Rumonge,Mudende,Gasenyi,colline
BURUNGA,Rumonge,Mudende,Kinama,colline
BURUNGA,Rumonge,Mudende,Kirama,colline
BURUNGA,Rumonge,Mudende,Mudende,colline
BURUNGA,Rumonge,Mudende,Sebeyi,colline
BURUNGA,Rumonge,Muzenga,Banda,colline
BURUNGA,Rumonge,Muzenga,Gitsinda,colline
BURUNGA,Rumonge,Muzenga,Karambi,colline
BURUNGA,Rumonge,Muzenga,Nyacambuko,colline
BURUNGA,Rumonge,Muzenga,Nyamurunga,colline
BURUNGA,Rumonge,Muzenga,Rubirizi,colline
BURUNGA,Rumonge,Rumonge,Birimba,quartier
BURUNGA,Rumonge,Rumonge,Gihwanya,quartier
BURUNGA,Rumonge,Rumonge,Iteba,quartier
BURUNGA,Rumonge,Rumonge,Kanyenkoko,quartier
BURUNGA,Rumonge,Rumonge,Mugomere,quartier
BURUNGA,Rumonge,Rumonge,Nkayamba,quartier
BURUNGA,Rumonge,Rumonge,Rukinga,quartier
BURUNGA,Rumonge,Rumonge,Swahili,quartier
BURUNGA,Rumonge,Rusabagi,Gakonko,colline
BURUNGA,Rumonge,Rusabagi,Gatobo,colline
BURUNGA,Rumonge,Rusabagi,Gitaba,colline
BURUNGA,Rumonge,Rusabagi,Gitongwe,colline
BURUNGA,Rumonge,Rusabagi,Murara,colline
BURUNGA,Rumonge,Rusabagi,Murenge,colline
BURUNGA,Rutana,Bukemba,Bukemba,colline
BURUNGA,Rutana,Bukemba,Gihofi,colline
BURUNGA,Rutana,Bukemba,Kabanga,colline
BURUNGA,Rutana,Bukemba,Murama,colline
BURUNGA,Rutana,Butare,Bugiga,colline
BURUNGA,Rutana,Butare,Butare,colline
BURUNGA,Rutana,Butare,Muyombwe,colline
BURUNGA,Rutana,Butare,Rubanga,colline
BURUNGA,Rutana,Butare,Ruranga,colline
BURUNGA,Rutana,Gitaba,Bugunga,colline
BURUNGA,Rutana,Gitaba,Buta,colline
BURUNGA,Rutana,Gitaba,Gasakuza,colline
BURUNGA,Rutana,Gitaba,Gaterama,colline
BURUNGA,Rutana,Gitaba,Gatongati,colline
BURUNGA,Rutana,Gitaba,Gitaba,colline
BURUNGA,Rutana,Gitaba,Kinganda,colline
BURUNGA,Rutana,Gitaba,Maramvya,colline
BURUNGA,Rutana,Gitaba,Mika,colline
BURUNGA,Rutana,Gitaba,Mungwa,colline
BURUNGA,Rutana,Gitaba,Nyamure,colline
BURUNGA,Rutana,Gitaba,Nyanzuki,colline
BURUNGA,Rutana,Gitaba,Ruregeya,colline
BURUNGA,Rutana,Gitanga,Bigina,colline
BURUNGA,Rutana,Gitanga,Cikinga,colline
BURUNGA,Rutana,Gitanga,Gatwaro,colline
BURUNGA,Rutana,Gitanga,Gitanga,colline
BURUNGA,Rutana,Gitanga,Kazeba,colline
BURUNGA,Rutana,Gitanga,Kiremba,colline
BURUNGA,Rutana,Gitanga,Museno,colline
BURUNGA,Rutana,Gitanga,Ntuku,colline
BURUNGA,Rutana,Gitanga,Nyabikenke,colline
BURUNGA,Rutana,Kinzanza,Cunda,colline
BURUNGA,Rutana,Kinzanza,Kabago,colline
BURUNGA,Rutana,Kinzanza,Kabanga,colline
BURUNGA,Rutana,Kinzanza,Kinzanza,colline
BURUNGA,Rutana,Kinzanza,Kivoma,colline
BURUNGA,Rutana,Kinzanza,Maramvya,colline
BURUNGA,Rutana,Kinzanza,Nyamabuye,colline
BURUNGA,Rutana,Kinzanza,Rukobe,colline
BURUNGA,Rutana,Kivoga,Gitaramuka,colline
BURUNGA,Rutana,Kivoga,Kivoga,colline
BURUNGA,Rutana,Kivoga,Matutu,colline
BURUNGA,Rutana,Kivoga,Musenyi,colline
BURUNGA,Rutana,Kivoga,Nyarubimba,colline
BURUNGA,Rutana,Kivoga,Ramvya,colline
BURUNGA,Rutana,Nyakuguma,Gisenyi,colline
BURUNGA,Rutana,Nyakuguma,Musongati,colline
BURUNGA,Rutana,Nyakuguma,Mutsindozi,colline
BURUNGA,Rutana,Nyakuguma,Muyange,colline
BURUNGA,Rutana,Nyakuguma,Ngoma,colline
BURUNGA,Rutana,Nyakuguma,Nyagisambwe,colline
BURUNGA,Rutana,Nyakuguma,Nyakuguma,colline
BURUNGA,Rutana,Nyakuguma,Samahuge,colline
BURUNGA,Rutana,Rongero,Butambara,colline
BURUNGA,Rutana,Rongero,Butovyi,colline
BURUNGA,Rutana,Rongero,Karinzi,colline
BURUNGA,Rutana,Rongero,Kibinzi,colline
BURUNGA,Rutana,Rongero,Mwayi,colline
BURUNGA,Rutana,Rongero,Ntuku,colline
BURUNGA,Rutana,Rongero,Rongero,colline
BURUNGA,Rutana,Rongero,Rushemeza,colline
BURUNGA,Rutana,Rongero,Rusunu,colline
BURUNGA,Rutana,Rutana,Gakobe,colline
BURUNGA,Rutana,Rutana,Gaseri,colline
BURUNGA,Rutana,Rutana,Gifunzo,colline
BURUNGA,Rutana,Rutana,Jomati,colline
BURUNGA,Rutana,Rutana,Karibu,colline
BURUNGA,Rutana,Rutana,Kayove,colline
BURUNGA,Rutana,Rutana,Nyarubere,colline
BURUNGA,Rutana,Rutana,Rushungura,colline
BURUNGA,Rutana,Rutana,Shoti,colline
BURUNGA,Rutana,Rutana,Gahuna,quartier
BURUNGA,Rutana,Rutana,Karindo,quartier
BURUNGA,Rutana,Rutana,Kigwati,quartier
BURUNGA,Rutana,Rutana,Majambere,quartier
BURUNGA,Rutana,Rutana,Mikurira,quartier
BURUNGA,Rutana,Rutana,Mugembe,quartier
BURUNGA,Rutana,Rutana,Rongero,quartier
BUTANYERERA,Busoni,Baziro,Baziro,colline
BUTANYERERA,Busoni,Baziro,Bucana,colline
BUTANYERERA,Busoni,Baziro,Gihinga,colline
BUTANYERERA,Busoni,Baziro,Kivumu,colline
BUTANYERERA,Busoni,Baziro,Marembo,colline
BUTANYERERA,Busoni,Baziro,Mirwa,colline
BUTANYERERA,Busoni,Bugorora,Bugorora,colline
BUTANYERERA,Busoni,Bugorora,Buhevyi,colline
BUTANYERERA,Busoni,Bugorora,Kaduduri,colline
BUTANYERERA,Busoni,Bugorora,Kibonobono,colline
BUTANYERERA,Busoni,Bugorora,Mutarishwa,colline
BUTANYERERA,Busoni,Buhoro,Buhoro,colline
BUTANYERERA,Busoni,Buhoro,Bunywera,colline
BUTANYERERA,Busoni,Buhoro,Karambo,colline
BUTANYERERA,Busoni,Buhoro,Minyago,colline
BUTANYERERA,Busoni,Buhoro,Rusara,colline
BUTANYERERA,Busoni,Busoni,Burara,colline
BUTANYERERA,Busoni,Busoni,Gatare,colline
BUTANYERERA,Busoni,Busoni,Gatete,colline
BUTANYERERA,Busoni,Busoni,Kigoma,colline
BUTANYERERA,Busoni,Busoni,Kivo,colline
BUTANYERERA,Busoni,Busoni,Munazi,colline
BUTANYERERA,Busoni,Busoni,Nyakizu,colline
BUTANYERERA,Busoni,Bwambarangwe,Budahunga,colline
BUTANYERERA,Busoni,Bwambarangwe,Butegana,colline
BUTANYERERA,Busoni,Bwambarangwe,Kabirizi,colline
BUTANYERERA,Busoni,Bwambarangwe,Kabuyenge,colline
BUTANYERERA,Busoni,Bwambarangwe,Mukenke,colline
BUTANYERERA,Busoni,Cumba,Burwana,colline
BUTANYERERA,Busoni,Cumba,Cumba,colline
BUTANYERERA,Busoni,Cumba,Nkomero,colline
BUTANYERERA,Busoni,Cumba,Tonga,colline
BUTANYERERA,Busoni,Gisenyi,Gisenyi,colline
BUTANYERERA,Busoni,Gisenyi,Higiro,colline
BUTANYERERA,Busoni,Gisenyi,Kibonde,colline
BUTANYERERA,Busoni,Gisenyi,Marembo,colline
BUTANYERERA,Busoni,Gisenyi,Muhuzu,colline
BUTANYERERA,Busoni,Gisenyi,Murambi,colline
BUTANYERERA,Busoni,Gisenyi,Nyabisindu,colline
BUTANYERERA,Busoni,Gisenyi,Rugarama,colline
BUTANYERERA,Busoni,Gisenyi,Rwibikara,colline
BUTANYERERA,Busoni,Gitobe,Butahana,colline
BUTANYERERA,Busoni,Gitobe,Butihinda,colline
BUTANYERERA,Busoni,Gitobe,Gahosha,colline
BUTANYERERA,Busoni,Gitobe,Gasuga,colline
BUTANYERERA,Busoni,Gitobe,Rungazi,colline
BUTANYERERA,Busoni,Kabanga,Buhimba,colline
BUTANYERERA,Busoni,Kabanga,Buringa,colline
BUTANYERERA,Busoni,Kabanga,Kabanga,colline
BUTANYERERA,Busoni,Kabanga,Karambo,colline
BUTANYERERA,Busoni,Kabanga,Kididiri,colline
BUTANYERERA,Busoni,Kabanga,Rurende,colline
BUTANYERERA,Busoni,Kimeza,Gasave,colline
BUTANYERERA,Busoni,Kimeza,Kibazi,colline
BUTANYERERA,Busoni,Kimeza,Kimeza,colline
BUTANYERERA,Busoni,Kimeza,Mugongo,colline
BUTANYERERA,Busoni,Kimeza,Ruyenzi,colline
BUTANYERERA,Busoni,Mukerwa,Kagege,colline
BUTANYERERA,Busoni,Mukerwa,Kiravumba,colline
BUTANYERERA,Busoni,Mukerwa,Mugobe,colline
BUTANYERERA,Busoni,Mukerwa,Mukerwa,colline
BUTANYERERA,Busoni,Mukerwa,Munyinya,colline
BUTANYERERA,Busoni,Mukerwa,Renga,colline
BUTANYERERA,Busoni,Mukerwa,Runyinya,colline
BUTANYERERA,Busoni,Murore,Gatemere,colline
BUTANYERERA,Busoni,Murore,Murore,colline
BUTANYERERA,Busoni,Murore,Nyabugeni,colline
BUTANYERERA,Busoni,Murore,Rutabo,colline
BUTANYERERA,Busoni,Murore,Ruyaga,colline
BUTANYERERA,Busoni,Murore,Rurira,colline
BUTANYERERA,Busoni,Nyagisozi,Gitete,colline
BUTANYERERA,Busoni,Nyagisozi,Kumana,colline
BUTANYERERA,Busoni,Nyagisozi,Muvyuko,colline
BUTANYERERA,Busoni,Nyagisozi,Muyange,colline
BUTANYERERA,Busoni,Nyagisozi,Nyagisozi,colline
BUTANYERERA,Busoni,Nyagisozi,Nyange,colline
BUTANYERERA,Busoni,Nyagisozi,Ruheha,colline
BUTANYERERA,Busoni,Nyagisozi,Sigu,colline
BUTANYERERA,Busoni,Nyenzi,Mubuga,colline
BUTANYERERA,Busoni,Nyenzi,Ngoma,colline
BUTANYERERA,Busoni,Nyenzi,Nyenzi,colline
BUTANYERERA,Busoni,Nyenzi,Ruhongore,colline
BUTANYERERA,Busoni,Shore,Bigombo,colline
BUTANYERERA,Busoni,Shore,Coga,colline
BUTANYERERA,Busoni,Shore,Santunda,colline
BUTANYERERA,Busoni,Shore,Shore,colline
BUTANYERERA,Kayanza,Jene,Jene,colline
BUTANYERERA,Kayanza,Jene,Kibuba,colline
BUTANYERERA,Kayanza,Jene,Kigeri,colline
BUTANYERERA,Kayanza,Jene,Mugoyi,colline
BUTANYERERA,Kayanza,Jene,Mutana,colline
BUTANYERERA,Kayanza,Jene,Ngoma,colline
BUTANYERERA,Kayanza,Jene,Ruhinga,colline
BUTANYERERA,Kayanza,Jene,Rusambi,colline
BUTANYERERA,Kayanza,Jene,Ryamukona,colline
BUTANYERERA,Kayanza,Jene,Songore,colline
BUTANYERERA,Kayanza,Jene,Yandaro,colline
BUTANYERERA,Kayanza,Kabarore,Caguka,colline
BUTANYERERA,Kayanza,Kabarore,Gikingo,colline
BUTANYERERA,Kayanza,Kabarore,Kidunduri,colline
BUTANYERERA,Kayanza,Kabarore,Kirehe,colline
BUTANYERERA,Kayanza,Kabarore,Kivuvu,colline
BUTANYERERA,Kayanza,Kabarore,Mugera,colline
BUTANYERERA,Kayanza,Kabarore,Mugongo,colline
BUTANYERERA,Kayanza,Kabarore,Munege,colline
BUTANYERERA,Kayanza,Kabarore,Nyamisagara,colline
BUTANYERERA,Kayanza,Kabuye,Benga,colline
BUTANYERERA,Kayanza,Kabuye,Kinyamukizi,colline
BUTANYERERA,Kayanza,Kabuye,Kinzobe,colline
BUTANYERERA,Kayanza,Kabuye,Maruri,colline
BUTANYERERA,Kayanza,Kabuye,Migege,colline
BUTANYERERA,Kayanza,Kabuye,Mpanga,colline
BUTANYERERA,Kayanza,Kabuye,Ntarambo,colline
BUTANYERERA,Kayanza,Kabuye,Nyabikaranka,colline
BUTANYERERA,Kayanza,Kabuye,Nyangwe,colline
BUTANYERERA,Kayanza,Kabuye,Ryirengeye,colline
BUTANYERERA,Kayanza,Kabuye,Shikankoni,colline
BUTANYERERA,Kayanza,Kayanza,Bubezi,colline
BUTANYERERA,Kayanza,Kayanza,Cukiro,colline
BUTANYERERA,Kayanza,Kayanza,Gahahe,colline
BUTANYERERA,Kayanza,Kayanza,Karinzi,colline
BUTANYERERA,Kayanza,Kayanza,Kinga,colline
BUTANYERERA,Kayanza,Kayanza,Mihigo,colline
BUTANYERERA,Kayanza,Kayanza,Murago,colline
BUTANYERERA,Kayanza,Kayanza,Mwendo,colline
BUTANYERERA,Kayanza,Kayanza,Nyabihanga,colline
BUTANYERERA,Kayanza,Kayanza,Kirema,quartier
BUTANYERERA,Kayanza,Kayanza,Musave,quartier
BUTANYERERA,Kayanza,Mparamirundi,Bigera,colline
BUTANYERERA,Kayanza,Mparamirundi,Cendajuru,colline
BUTANYERERA,Kayanza,Mparamirundi,Gahini,colline
BUTANYERERA,Kayanza,Mparamirundi,Gitemezi,colline
BUTANYERERA,Kayanza,Mparamirundi,Kinyami,colline
BUTANYERERA,Kayanza,Mparamirundi,Magana,colline
BUTANYERERA,Kayanza,Mparamirundi,Makombe,colline
BUTANYERERA,Kayanza,Mparamirundi,Mihama,colline
BUTANYERERA,Kayanza,Mparamirundi,Mparamirundi,colline
BUTANYERERA,Kayanza,Mparamirundi,Munyange,colline
BUTANYERERA,Kayanza,Mparamirundi,Mutsinda,colline
BUTANYERERA,Kayanza,Mparamirundi,Nyamisebo,colline
BUTANYERERA,Kayanza,Mparamirundi,Tubiri,colline
BUTANYERERA,Kayanza,Murima,Canzara,colline
BUTANYERERA,Kayanza,Murima,Gacu,colline
BUTANYERERA,Kayanza,Murima,Gihororo,colline
BUTANYERERA,Kayanza,Murima,Kavumu,colline
BUTANYERERA,Kayanza,Murima,Kibingo,colline
BUTANYERERA,Kayanza,Murima,Magamba,colline
BUTANYERERA,Kayanza,Murima,Murima,colline
BUTANYERERA,Kayanza,Murima,Nkuba,colline
BUTANYERERA,Kayanza,Murima,Ruvomo,colline
BUTANYERERA,Kayanza,Murima,Rwintare,colline
BUTANYERERA,Kayanza,Muruta,Busambo,colline
BUTANYERERA,Kayanza,Muruta,Buziraguhindwa,colline
BUTANYERERA,Kayanza,Muruta,Karunyinya,colline
BUTANYERERA,Kayanza,Muruta,Kavoga,colline
BUTANYERERA,Kayanza,Muruta,Manini,colline
BUTANYERERA,Kayanza,Muruta,Muruta,colline
BUTANYERERA,Kayanza,Muruta,Myugariro,colline
BUTANYERERA,Kayanza,Muruta,Nyamiyogoro,colline
BUTANYERERA,Kayanza,Muruta,Remera,colline
BUTANYERERA,Kayanza,Muruta,Yanza,colline
BUTANYERERA,Kayanza,Nkonge,Campazi,colline
BUTANYERERA,Kayanza,Nkonge,Gishubi,colline
BUTANYERERA,Kayanza,Nkonge,Mikuba,colline
BUTANYERERA,Kayanza,Nkonge,Mutana,colline
BUTANYERERA,Kayanza,Nkonge,Nkonge,colline
BUTANYERERA,Kayanza,Nkonge,Nyakibari,colline
BUTANYERERA,Kayanza,Nkonge,Ruvumu,colline
BUTANYERERA,Kayanza,Nyabihogo,Gitwa,colline
BUTANYERERA,Kayanza,Nyabihogo,Muhweza,colline
BUTANYERERA,Kayanza,Nyabihogo,Nemba,colline
BUTANYERERA,Kayanza,Nyabihogo,Nyabihogo,colline
BUTANYERERA,Kayanza,Nyabihogo,Ruhande,colline
BUTANYERERA,Kayanza,Rugazi,Buvumo,colline
BUTANYERERA,Kayanza,Rugazi,Buyumpu,colline
BUTANYERERA,Kayanza,Rugazi,Dusasa,colline
BUTANYERERA,Kayanza,Rugazi,Gashiru,colline
BUTANYERERA,Kayanza,Rugazi,Gisagara,colline
BUTANYERERA,Kayanza,Rugazi,Kibati,colline
BUTANYERERA,Kayanza,Rugazi,Tondero,colline
BUTANYERERA,Kayanza,Rugazi,Yanza,colline
BUTANYERERA,Kayanza,Rukere,Caratsi,colline
BUTANYERERA,Kayanza,Rukere,Karama,colline
BUTANYERERA,Kayanza,Rukere,Manga,colline
BUTANYERERA,Kayanza,Rukere,Randa,colline
BUTANYERERA,Kayanza,Rukere,Rorero,colline
BUTANYERERA,Kayanza,Rukere,Ruhororo,colline
BUTANYERERA,Kayanza,Rukere,Rukere,colline
BUTANYERERA,Kayanza,Rukere,Runyinya,colline
BUTANYERERA,Kayanza,Rukere,Rutega,colline
BUTANYERERA,Kayanza,Rwegura,Kaserege,colline
BUTANYERERA,Kayanza,Rwegura,Kibakwe,colline
BUTANYERERA,Kayanza,Rwegura,Kibaya,colline
BUTANYERERA,Kayanza,Rwegura,Mpfunda,colline
BUTANYERERA,Kayanza,Rwegura,Muganza,colline
BUTANYERERA,Kayanza,Rwegura,Rwagongwe,colline
BUTANYERERA,Kayanza,Rwegura,Rwegura,colline
BUTANYERERA,Kiremba,Birambi,Buhigiranka,colline
BUTANYERERA,Kiremba,Birambi,Gashingwe,colline
BUTANYERERA,Kiremba,Birambi,Gatwe,colline
BUTANYERERA,Kiremba,Birambi,Kigina,colline
BUTANYERERA,Kiremba,Birambi,Kinyovu,colline
BUTANYERERA,Kiremba,Birambi,Masama,colline
BUTANYERERA,Kiremba,Birambi,Martyazo,colline
BUTANYERERA,Kiremba,Birambi,Muremera,colline
BUTANYERERA,Kiremba,Birambi,Mushonge,colline
BUTANYERERA,Kiremba,Birambi,Rurama,colline
BUTANYERERA,Kiremba,Birambi,Shinge,colline
BUTANYERERA,Kiremba,Birambi,Shoza,colline
BUTANYERERA,Kiremba,Bugina,Bitagazwa,colline
BUTANYERERA,Kiremba,Bugina,Bunogera,colline
BUTANYERERA,Kiremba,Bugina,Kibuye,colline
BUTANYERERA,Kiremba,Bugina,Kidasha,colline
BUTANYERERA,Kiremba,Bugina,Kivoga,colline
BUTANYERERA,Kiremba,Bugina,Migongo,colline
BUTANYERERA,Kiremba,Bugina,Nkomero,colline
BUTANYERERA,Kiremba,Bugina,Nyabikenke,colline
BUTANYERERA,Kiremba,Bugina,Nyamarobe,colline
BUTANYERERA,Kiremba,Bugina,Ragwe,colline
BUTANYERERA,Kiremba,Cindonyi,Bisiga,colline
BUTANYERERA,Kiremba,Cindonyi,Kagoti,colline
BUTANYERERA,Kiremba,Cindonyi,Kidasha,colline
BUTANYERERA,Kiremba,Cindonyi,Kirungu,colline
BUTANYERERA,Kiremba,Cindonyi,Nyambo,colline
BUTANYERERA,Kiremba,Cindonyi,Rubaya,colline
BUTANYERERA,Kiremba,Cindonyi,Rusave,colline
BUTANYERERA,Kiremba,Gakere,Cayi,colline
BUTANYERERA,Kiremba,Gakere,Gakere,colline
BUTANYERERA,Kiremba,Gakere,Kibande,colline
BUTANYERERA,Kiremba,Gakere,Kibezi,colline
BUTANYERERA,Kiremba,Gakere,Kiremera,colline
BUTANYERERA,Kiremba,Gakere,Kiyange,colline
BUTANYERERA,Kiremba,Gakere,Munagano,colline
BUTANYERERA,Kiremba,Gakere,Ngeramigongo,colline
BUTANYERERA,Kiremba,Gakere,Ruvumu,colline
BUTANYERERA,Kiremba,Giheta,Bihangare,colline
BUTANYERERA,Kiremba,Giheta,Bitambwe,colline
BUTANYERERA,Kiremba,Giheta,Congori,colline
BUTANYERERA,Kiremba,Giheta,Gicumbi,colline
BUTANYERERA,Kiremba,Giheta,Kidobori,colline
BUTANYERERA,Kiremba,Giheta,Masama,colline
BUTANYERERA,Kiremba,Giheta,Muhuzo,colline
BUTANYERERA,Kiremba,Giheta,Nyamurenge,colline
BUTANYERERA,Kiremba,Kiremba,Cagwa,colline
BUTANYERERA,Kiremba,Kiremba,Gahororo,colline
BUTANYERERA,Kiremba,Kiremba,Gatwaro,colline
BUTANYERERA,Kiremba,Kiremba,Gisuka,colline
BUTANYERERA,Kiremba,Kiremba,Gitaro,colline
BUTANYERERA,Kiremba,Kiremba,Kiremba,colline
BUTANYERERA,Kiremba,Kiremba,Masasu,colline
BUTANYERERA,Kiremba,Kiremba,Mugerera,colline
BUTANYERERA,Kiremba,Kiremba,Musanga,colline
BUTANYERERA,Kiremba,Kiremba,Ruhama,colline
BUTANYERERA,Kiremba,Kiremba,Ruyumpu,colline
BUTANYERERA,Kiremba,Kiremba,Rwimbogo,colline
BUTANYERERA,Kiremba,Marangara,Burenge,colline
BUTANYERERA,Kiremba,Marangara,Gisekuro,colline
BUTANYERERA,Kiremba,Marangara,Kagina,colline
BUTANYERERA,Kiremba,Marangara,Kigoma,colline
BUTANYERERA,Kiremba,Marangara,Kigufi,colline
BUTANYERERA,Kiremba,Marangara,Kizenga,colline
BUTANYERERA,Kiremba,Marangara,Makaba,colline
BUTANYERERA,Kiremba,Marangara,Ndihwe,colline
BUTANYERERA,Kiremba,Marangara,Nyakibari,colline
BUTANYERERA,Kiremba,Marangara,Nyamugari,colline
BUTANYERERA,Kiremba,Marangara,Nyanza,colline
BUTANYERERA,Kiremba,Marangara,Ruramba,colline
BUTANYERERA,Kiremba,Musasa,Buhama,colline
BUTANYERERA,Kiremba,Musasa,Butare,colline
BUTANYERERA,Kiremba,Musasa,Canamo,colline
BUTANYERERA,Kiremba,Musasa,Kabanga,colline
BUTANYERERA,Kiremba,Musasa,Kabari,colline
BUTANYERERA,Kiremba,Musasa,Kagarama,colline
BUTANYERERA,Kiremba,Musasa,Masoro,colline
BUTANYERERA,Kiremba,Musasa,Mufigi,colline
BUTANYERERA,Kiremba,Musasa,Musasa,colline
BUTANYERERA,Kiremba,Musasa,Ruhata,colline
BUTANYERERA,Kiremba,Musasa,Rutobo,colline
BUTANYERERA,Kiremba,Nyamugari,Burenza,colline
BUTANYERERA,Kiremba,Nyamugari,Gikomero,colline
BUTANYERERA,Kiremba,Nyamugari,Higiro,colline
BUTANYERERA,Kiremba,Nyamugari,Mutara,colline
BUTANYERERA,Kiremba,Nyamugari,Nyunzwe,colline
BUTANYERERA,Kiremba,Nyamugari,Renga,colline
BUTANYERERA,Kiremba,Nyamugari,Rugomba,colline
BUTANYERERA,Kiremba,Nyamugari,Runda,colline
BUTANYERERA,Kiremba,Nyamurenza,Gasegerwa,colline
BUTANYERERA,Kiremba,Nyamurenza,Gicu,colline
BUTANYERERA,Kiremba,Nyamurenza,Gikingo,colline
BUTANYERERA,Kiremba,Nyamurenza,Gitare,colline
BUTANYERERA,Kiremba,Nyamurenza,Kaganda,colline
BUTANYERERA,Kiremba,Nyamurenza,Kagoma,colline
BUTANYERERA,Kiremba,Nyamurenza,Kajaga,colline
BUTANYERERA,Kiremba,Nyamurenza,Mubungere,colline
BUTANYERERA,Kiremba,Nyamurenza,Mugende,colline
BUTANYERERA,Kiremba,Nyamurenza,Nyabikenke,colline
BUTANYERERA,Kiremba,Nyamurenza,Nyarusange,colline
BUTANYERERA,Kirundo,Bugabira,Gacamirindi,colline
BUTANYERERA,Kirundo,Bugabira,Ntaho,colline
BUTANYERERA,Kirundo,Bugabira,Ruhehe,colline
BUTANYERERA,Kirundo,Bugabira,Rusugi,colline
BUTANYERERA,Kirundo,Bukuba,Bwinyana,colline
BUTANYERERA,Kirundo,Bukuba,Canzikiro,colline
BUTANYERERA,Kirundo,Bukuba,Gahe,colline
BUTANYERERA,Kirundo,Bukuba,Muramba,colline
BUTANYERERA,Kirundo,Bukuba,Muyebe,colline
BUTANYERERA,Kirundo,Bukuba,Nyagatovu,colline
BUTANYERERA,Kirundo,Bukuba,Nyabihanga,colline
BUTANYERERA,Kirundo,Bukuba,Rwisuri,colline
BUTANYERERA,Kirundo,Cendajuru,Canika,colline
BUTANYERERA,Kirundo,Cendajuru,Cendajuru,colline
BUTANYERERA,Kirundo,Cendajuru,Kabirizi,colline
BUTANYERERA,Kirundo,Cendajuru,Kigobe,colline
BUTANYERERA,Kirundo,Cendajuru,Kiziba,colline
BUTANYERERA,Kirundo,Cendajuru,Ngere,colline
BUTANYERERA,Kirundo,Cendajuru,Nyamisagara,colline
BUTANYERERA,Kirundo,Cendajuru,Rwamikore,colline
BUTANYERERA,Kirundo,Cewe,Ceru,colline
BUTANYERERA,Kirundo,Cewe,Cewe,colline
BUTANYERERA,Kirundo,Cewe,Rukuramigabo,colline
BUTANYERERA,Kirundo,Cewe,Runyonza,colline
BUTANYERERA,Kirundo,Gashingwa,Burarana,colline
BUTANYERERA,Kirundo,Gashingwa,Gashingwa,colline
BUTANYERERA,Kirundo,Gashingwa,Kavumu,colline
BUTANYERERA,Kirundo,Gashingwa,Kiraro,colline
BUTANYERERA,Kirundo,Gashingwa,Kirima,colline
BUTANYERERA,Kirundo,Gashingwa,Martyazo,colline
BUTANYERERA,Kirundo,Gashingwa,Nyakibanda,colline
BUTANYERERA,Kirundo,Gashingwa,Nyamivuma,colline
BUTANYERERA,Kirundo,Gashingwa,Nyamyumba,colline
BUTANYERERA,Kirundo,Gashingwa,Rugeri,colline
BUTANYERERA,Kirundo,Gihosha,Gakana,colline
BUTANYERERA,Kirundo,Gihosha,Gihosha,colline
BUTANYERERA,Kirundo,Gihosha,Kinyangurube,colline
BUTANYERERA,Kirundo,Gihosha,Mutara,colline
BUTANYERERA,Kirundo,Gihosha,Mwenya,colline
BUTANYERERA,Kirundo,Gihosha,Rugero,colline
BUTANYERERA,Kirundo,Gihosha,Shinge,colline
BUTANYERERA,Kirundo,Gikuyo,Bugera,colline
BUTANYERERA,Kirundo,Gikuyo,Busenyi,colline
BUTANYERERA,Kirundo,Gikuyo,Cumva,colline
BUTANYERERA,Kirundo,Gikuyo,Gikuyo,colline
BUTANYERERA,Kirundo,Gikuyo,Kanyinya,colline
BUTANYERERA,Kirundo,Gikuyo,Karamagi,colline
BUTANYERERA,Kirundo,Gikuyo,Mataka,colline
BUTANYERERA,Kirundo,Gikuyo,Rambo,colline
BUTANYERERA,Kirundo,Kavomo,Kavomo,colline
BUTANYERERA,Kirundo,Kavomo,Kireka,colline
BUTANYERERA,Kirundo,Kavomo,Kiyanza,colline
BUTANYERERA,Kirundo,Kavomo,Muramba,colline
BUTANYERERA,Kirundo,Kavomo,Yaranda,colline
BUTANYERERA,Kirundo,Kigina,Gaturanda,colline
BUTANYERERA,Kirundo,Kigina,Gitorongero,colline
BUTANYERERA,Kirundo,Kigina,Karisha,colline
BUTANYERERA,Kirundo,Kigina,Kigina,colline
BUTANYERERA,Kirundo,Kigina,Nyabikenke,colline
BUTANYERERA,Kirundo,Kigoma,Kigoma,colline
BUTANYERERA,Kirundo,Kigoma,Muyange,colline
BUTANYERERA,Kirundo,Kigoma,Nyamata,colline
BUTANYERERA,Kirundo,Kigoma,Rugando,colline
BUTANYERERA,Kirundo,Kigoma,Rugasa,colline
BUTANYERERA,Kirundo,Kigoma,Saruduha,colline
BUTANYERERA,Kirundo,Kigoma,Shenga,colline
BUTANYERERA,Kirundo,Kiri,Cimo,colline
BUTANYERERA,Kirundo,Kiri,Kiri,colline
BUTANYERERA,Kirundo,Kiri,Mubuga,colline
BUTANYERERA,Kirundo,Kiri,Mugombwa,colline
BUTANYERERA,Kirundo,Kiri,Munyinya,colline
BUTANYERERA,Kirundo,Kiri,Ngaragu,colline
BUTANYERERA,Kirundo,Kiri,Ntembe,colline
BUTANYERERA,Kirundo,Kirundo,Murama,colline
BUTANYERERA,Kirundo,Kirundo,Bushaza,quartier
BUTANYERERA,Kirundo,Kirundo,Kavogero,quartier
BUTANYERERA,Kirundo,Kirundo,Kumahoro,quartier
BUTANYERERA,Kirundo,Kirundo,Rupfunda,quartier
BUTANYERERA,Kirundo,Kirundo,Windora,quartier
BUTANYERERA,Kirundo,Kiyonza,Cindonyi,colline
BUTANYERERA,Kirundo,Kiyonza,Cinuma,colline
BUTANYERERA,Kirundo,Kiyonza,Gasagara,colline
BUTANYERERA,Kirundo,Kiyonza,Kiyonza,colline
BUTANYERERA,Kirundo,Kiyonza,Ninda,colline
BUTANYERERA,Kirundo,Kiyonza,Nunga,colline
BUTANYERERA,Kirundo,Kiyonza,Nyakarama,colline
BUTANYERERA,Kirundo,Kiyonza,Rubuga,colline
BUTANYERERA,Kirundo,Kiyonza,Rutamo,colline
BUTANYERERA,Kirundo,Mugendo,Buringanire,colline
BUTANYERERA,Kirundo,Mugendo,Carubambo,colline
BUTANYERERA,Kirundo,Mugendo,Kinyovu,colline
BUTANYERERA,Kirundo,Mugendo,Makombe,colline
BUTANYERERA,Kirundo,Mugendo,Mariza,colline
BUTANYERERA,Kirundo,Mugendo,Mugendo,colline
BUTANYERERA,Kirundo,Mugendo,Ntango,colline
BUTANYERERA,Kirundo,Mugendo,Rutagara,colline
BUTANYERERA,Kirundo,Mugendo,Sasa,colline
BUTANYERERA,Kirundo,Murungurira,Gitwenzi,colline
BUTANYERERA,Kirundo,Murungurira,Kamenya,colline
BUTANYERERA,Kirundo,Murungurira,Kanyagu,colline
BUTANYERERA,Kirundo,Murungurira,Kigina,colline
BUTANYERERA,Kirundo,Murungurira,Murungurira,colline
BUTANYERERA,Kirundo,Murungurira,Susa,colline
BUTANYERERA,Kirundo,Ntega,Gasave,colline
BUTANYERERA,Kirundo,Ntega,Kigaga,colline
BUTANYERERA,Kirundo,Ntega,Mihigo,colline
BUTANYERERA,Kirundo,Ntega,Monge,colline
BUTANYERERA,Kirundo,Ntega,Ntega,colline
BUTANYERERA,Kirundo,Ntega,Nyabisindu,colline
BUTANYERERA,Kirundo,Ntega,Nyemera,colline
BUTANYERERA,Kirundo,Ntega,Rugese,colline
BUTANYERERA,Kirundo,Nyamabuye,Bwiza,colline
BUTANYERERA,Kirundo,Nyamabuye,Gitwe,colline
BUTANYERERA,Kirundo,Nyamabuye,Kamwayi,colline
BUTANYERERA,Kirundo,Nyamabuye,Muyumpu,colline
BUTANYERERA,Kirundo,Nyamabuye,Nyamabuye,colline
BUTANYERERA,Kirundo,Nyamabuye,Rukondokondo,colline
BUTANYERERA,Kirundo,Nyamabuye,Ryagihana,colline
BUTANYERERA,Kirundo,Runyankezi,Bugorora,colline
BUTANYERERA,Kirundo,Runyankezi,Gisitwe,colline
BUTANYERERA,Kirundo,Runyankezi,Mwendo,colline
BUTANYERERA,Kirundo,Runyankezi,Ngendo,colline
BUTANYERERA,Kirundo,Runyankezi,Rukore,colline
BUTANYERERA,Kirundo,Runyankezi,Runyankezi,colline
BUTANYERERA,Kirundo,Rushubije,Gatwe,colline
BUTANYERERA,Kirundo,Rushubije,Kanabugiri,colline
BUTANYERERA,Kirundo,Rushubije,Muyinza,colline
BUTANYERERA,Kirundo,Rushubije,Nkorwe,colline
BUTANYERERA,Kirundo,Rushubije,Nyakibingo,colline
BUTANYERERA,Kirundo,Rushubije,Rushubije,colline
BUTANYERERA,Kirundo,Rushubije,Rwimbogo,colline
BUTANYERERA,Kirundo,Vumbi,Butsimba,colline
BUTANYERERA,Kirundo,Vumbi,Gasura,colline
BUTANYERERA,Kirundo,Vumbi,Gikomero,colline
BUTANYERERA,Kirundo,Vumbi,Kabuye,colline
BUTANYERERA,Kirundo,Vumbi,Mbasi,colline
BUTANYERERA,Kirundo,Vumbi,Nyabikenke,colline
BUTANYERERA,Kirundo,Vumbi,Rwimanzovu,colline
BUTANYERERA,Kirundo,Vumbi,Shororo,colline
BUTANYERERA,Kirundo,Vumbi,Vumbi,colline
BUTANYERERA,Matongo,Banga,Banga,colline
BUTANYERERA,Matongo,Banga,Bihunge,colline
BUTANYERERA,Matongo,Banga,Matongo,colline
BUTANYERERA,Matongo,Banga,Mpemba,colline
BUTANYERERA,Matongo,Banga,Munini,colline
BUTANYERERA,Matongo,Banga,Murambi,colline
BUTANYERERA,Matongo,Banga,Mutarure,colline
BUTANYERERA,Matongo,Banga,Nyakibingo,colline
BUTANYERERA,Matongo,Banga,Rudehe,colline
BUTANYERERA,Matongo,Burarana,Burarana,colline
BUTANYERERA,Matongo,Burarana,Butuhurana,colline
BUTANYERERA,Matongo,Burarana,Bwisange,colline
BUTANYERERA,Matongo,Burarana,Kijuri,colline
BUTANYERERA,Matongo,Burarana,Mikamba,colline
BUTANYERERA,Matongo,Burarana,Nyarurambi,colline
BUTANYERERA,Matongo,Burarana,Ruvumu,colline
BUTANYERERA,Matongo,Busangana,Burarana,colline
BUTANYERERA,Matongo,Busangana,Busangana,colline
BUTANYERERA,Matongo,Busangana,Busekera,colline
BUTANYERERA,Matongo,Busangana,Gashishima,colline
BUTANYERERA,Matongo,Busangana,Kigereka,colline
BUTANYERERA,Matongo,Busangana,Nyambo,colline
BUTANYERERA,Matongo,Busangana,Rwantsinda,colline
BUTANYERERA,Matongo,Busangana,Rusha,colline
BUTANYERERA,Matongo,Butaganzwa,Busokoza,colline
BUTANYERERA,Matongo,Butaganzwa,Gahise,colline
BUTANYERERA,Matongo,Butaganzwa,Gatabo,colline
BUTANYERERA,Matongo,Butaganzwa,Mufumya,colline
BUTANYERERA,Matongo,Butaganzwa,Muremera,colline
BUTANYERERA,Matongo,Butaganzwa,Nkango,colline
BUTANYERERA,Matongo,Butaganzwa,Nyarurama,colline
BUTANYERERA,Matongo,Butaganzwa,Rukambura,colline
BUTANYERERA,Matongo,Gatara,Gakenke,colline
BUTANYERERA,Matongo,Gatara,Gihororo,colline
BUTANYERERA,Matongo,Gatara,Karambi,colline
BUTANYERERA,Matongo,Gatara,Kivuruga,colline
BUTANYERERA,Matongo,Gatara,Muhingira,colline
BUTANYERERA,Matongo,Gatara,Murago,colline
BUTANYERERA,Matongo,Gatara,Nyarurambi,colline
BUTANYERERA,Matongo,Gatara,Ruhengeri,colline
BUTANYERERA,Matongo,Kabuye,Camizi,colline
BUTANYERERA,Matongo,Kabuye,Gitwe,colline
BUTANYERERA,Matongo,Kabuye,Kabuye,colline
BUTANYERERA,Matongo,Kabuye,Kinyovu,colline
BUTANYERERA,Matongo,Kabuye,Munyinya,colline
BUTANYERERA,Matongo,Kabuye,Musonge,colline
BUTANYERERA,Matongo,Kabuye,Nteko,colline
BUTANYERERA,Matongo,Kabuye,Rukoma,colline
BUTANYERERA,Matongo,Mbirizi,Kanyankuru,colline
BUTANYERERA,Matongo,Mbirizi,Karurusi,colline
BUTANYERERA,Matongo,Mbirizi,Kibaribari,colline
BUTANYERERA,Matongo,Mbirizi,Kibayi,colline
BUTANYERERA,Matongo,Mbirizi,Kibenga,colline
BUTANYERERA,Matongo,Mbirizi,Mbirizi,colline
BUTANYERERA,Matongo,Mbirizi,Mudusi,colline
BUTANYERERA,Matongo,Mbirizi,Munini,colline
BUTANYERERA,Matongo,Mbirizi,Rubagabaga,colline
BUTANYERERA,Matongo,Ngoro,Gisyo,colline
BUTANYERERA,Matongo,Ngoro,Gitwenge,colline
BUTANYERERA,Matongo,Ngoro,Kabungo,colline
BUTANYERERA,Matongo,Ngoro,Kigume,colline
BUTANYERERA,Matongo,Ngoro,Migende,colline
BUTANYERERA,Matongo,Ngoro,Ngendo,colline
BUTANYERERA,Matongo,Ngoro,Ngoro,colline
BUTANYERERA,Matongo,Ngoro,Nteko,colline
BUTANYERERA,Matongo,Ngoro,Rwankuba,colline
BUTANYERERA,Matongo,Ngoro,Shinya,colline
BUTANYERERA,Matongo,Ninga,Bumba,colline
BUTANYERERA,Matongo,Ninga,Gikungere,colline
BUTANYERERA,Matongo,Ninga,Munyinya,colline
BUTANYERERA,Matongo,Ninga,Ninga,colline
BUTANYERERA,Matongo,Ninga,Rugoma,colline
BUTANYERERA,Matongo,Nyabibuye,Kigarama,colline
BUTANYERERA,Matongo,Nyabibuye,Kigwandi,colline
BUTANYERERA,Matongo,Nyabibuye,Kiryama,colline
BUTANYERERA,Matongo,Nyabibuye,Musema,colline
BUTANYERERA,Matongo,Nyabibuye,Nyabibuye,colline
BUTANYERERA,Matongo,Nyabibuye,Shembati,colline
BUTANYERERA,Matongo,Ruganza,Bandaga,colline
BUTANYERERA,Matongo,Ruganza,Burengo,colline
BUTANYERERA,Matongo,Ruganza,Bwayi,colline
BUTANYERERA,Matongo,Ruganza,Gasare,colline
BUTANYERERA,Matongo,Ruganza,Kibavu,colline
BUTANYERERA,Matongo,Ruganza,Kivumu,colline
BUTANYERERA,Matongo,Ruganza,Muganza,colline
BUTANYERERA,Matongo,Ruganza,Mvumvu,colline
BUTANYERERA,Matongo,Ruganza,Ngoro,colline
BUTANYERERA,Matongo,Ruganza,Nyarumanga,colline
BUTANYERERA,Matongo,Ruganza,Ruganza,colline
BUTANYERERA,Muhanga,Bisha,Bisha,colline
BUTANYERERA,Muhanga,Bisha,Bishuri,colline
BUTANYERERA,Muhanga,Bisha,Gatare,colline
BUTANYERERA,Muhanga,Bisha,Kabuye,colline
BUTANYERERA,Muhanga,Bisha,Karehe,colline
BUTANYERERA,Muhanga,Bisha,Nyabitwe,colline
BUTANYERERA,Muhanga,Bisha,Nyamonde,colline
BUTANYERERA,Muhanga,Bisha,Rubirizi,colline
BUTANYERERA,Muhanga,Bisha,Tara,colline
BUTANYERERA,Muhanga,Gaheta,Butanyerera,colline
BUTANYERERA,Muhanga,Gaheta,Gacokwe,colline
BUTANYERERA,Muhanga,Gaheta,Gipfuvya,colline
BUTANYERERA,Muhanga,Gaheta,Karama,colline
BUTANYERERA,Muhanga,Gaheta,Muzumure,colline
BUTANYERERA,Muhanga,Gaheta,Nyabiyogi,colline
BUTANYERERA,Muhanga,Gahombo,Businde,colline
BUTANYERERA,Muhanga,Gahombo,Butezi,colline
BUTANYERERA,Muhanga,Gahombo,Gahombo,colline
BUTANYERERA,Muhanga,Gahombo,Gakuro,colline
BUTANYERERA,Muhanga,Gahombo,Gishunzi,colline
BUTANYERERA,Muhanga,Gahombo,Karinzi,colline
BUTANYERERA,Muhanga,Gahombo,Kinyonga,colline
BUTANYERERA,Muhanga,Gahombo,Kivoga,colline
BUTANYERERA,Muhanga,Gahombo,Kiyange,colline
BUTANYERERA,Muhanga,Gahombo,Mikoni,colline
BUTANYERERA,Muhanga,Gahombo,Rukago,colline
BUTANYERERA,Muhanga,Gahombo,Ruzingati,colline
BUTANYERERA,Muhanga,Gikomero,Gikomero,colline
BUTANYERERA,Muhanga,Gikomero,Kaguruka,colline
BUTANYERERA,Muhanga,Gikomero,Kiguruka,colline
BUTANYERERA,Muhanga,Gikomero,Kirahamira,colline
BUTANYERERA,Muhanga,Gikomero,Musagara,colline
BUTANYERERA,Muhanga,Gikomero,Rubungu,colline
BUTANYERERA,Muhanga,Gikomero,Rusave,colline
BUTANYERERA,Muhanga,Muhanga,Gaharo,colline
BUTANYERERA,Muhanga,Muhanga,Gashibuka,colline
BUTANYERERA,Muhanga,Muhanga,Kibimba,colline
BUTANYERERA,Muhanga,Muhanga,Mbaba,colline
BUTANYERERA,Muhanga,Muhanga,Muhanga,colline
BUTANYERERA,Muhanga,Muhanga,Musama,colline
BUTANYERERA,Muhanga,Muhanga,Mwendo,colline
BUTANYERERA,Muhanga,Muhanga,Ngoma,colline
BUTANYERERA,Muhanga,Muhanga,Rugamba,colline
BUTANYERERA,Muhanga,Muhanga,Rushenza,colline
BUTANYERERA,Muhanga,Mibazi,Ceyerezi,colline
BUTANYERERA,Muhanga,Mibazi,Gasenyi,colline
BUTANYERERA,Muhanga,Mibazi,Gatozo,colline
BUTANYERERA,Muhanga,Mibazi,Kanyundo,colline
BUTANYERERA,Muhanga,Mibazi,Masanze,colline
BUTANYERERA,Muhanga,Mibazi,Mbogwe,colline
BUTANYERERA,Muhanga,Mibazi,Mibazi,colline
BUTANYERERA,Muhanga,Mibazi,Ndava,colline
BUTANYERERA,Muhanga,Mibazi,Nyamwera,colline
BUTANYERERA,Muhanga,Mibazi,Sakinyinya,colline
BUTANYERERA,Muhanga,Mubogora,Bushoka,colline
BUTANYERERA,Muhanga,Mubogora,Gatura,colline
BUTANYERERA,Muhanga,Mubogora,Gisara,colline
BUTANYERERA,Muhanga,Mubogora,Gitamo,colline
BUTANYERERA,Muhanga,Mubogora,Kivuzo,colline
BUTANYERERA,Muhanga,Mubogora,Mubogora,colline
BUTANYERERA,Muhanga,Mubogora,Nyamitanga,colline
BUTANYERERA,Muhanga,Mubogora,Nyarurambi,colline
BUTANYERERA,Muhanga,Mubogora,Rubanga,colline
BUTANYERERA,Muhanga,Mubogora,Rushubi,colline
BUTANYERERA,Muhanga,Nzewe,Bigugo,colline
BUTANYERERA,Muhanga,Nzewe,Butwe,colline
BUTANYERERA,Muhanga,Nzewe,Gasave,colline
BUTANYERERA,Muhanga,Nzewe,Jimbi,colline
BUTANYERERA,Muhanga,Nzewe,Kavuvuma,colline
BUTANYERERA,Muhanga,Nzewe,Kivuvuma,colline
BUTANYERERA,Muhanga,Nzewe,Mwenene,colline
BUTANYERERA,Muhanga,Nzewe,Nzewe,colline
BUTANYERERA,Muhanga,Nzewe,Rukanu,colline
BUTANYERERA,Muhanga,Nzewe,Shurugumya,colline
BUTANYERERA,Muhanga,Rango,Gihororo,colline
BUTANYERERA,Muhanga,Rango,Gitibu,colline
BUTANYERERA,Muhanga,Rango,Nyabibuye,colline
BUTANYERERA,Muhanga,Rango,Nyarusange,colline
BUTANYERERA,Muhanga,Rango,Rama,colline
BUTANYERERA,Muhanga,Rango,Rango,colline
BUTANYERERA,Muhanga,Rango,Ruhinga,colline
BUTANYERERA,Ngozi,Buhiga,Busoro,colline
BUTANYERERA,Ngozi,Buhiga,Gahwazi,colline
BUTANYERERA,Ngozi,Buhiga,Gakeceri,colline
BUTANYERERA,Ngozi,Buhiga,Kinyana,colline
BUTANYERERA,Ngozi,Buhiga,Makombe,colline
BUTANYERERA,Ngozi,Buhiga,Masama,colline
BUTANYERERA,Ngozi,Busiga,Bitambwe,colline
BUTANYERERA,Ngozi,Busiga,Caga,colline
BUTANYERERA,Ngozi,Busiga,Kididiri,colline
BUTANYERERA,Ngozi,Busiga,Kigufi,colline
BUTANYERERA,Ngozi,Busiga,Mihigo,colline
BUTANYERERA,Ngozi,Busiga,Muremera,colline
BUTANYERERA,Ngozi,Busiga,Mutumba,colline
BUTANYERERA,Ngozi,Busiga,Muyogoro,colline
BUTANYERERA,Ngozi,Busiga,Nyange,colline
BUTANYERERA,Ngozi,Busiga,Rubari,colline
BUTANYERERA,Ngozi,Busiga,Rugori,colline
BUTANYERERA,Ngozi,Busiga,Rwanyege,colline
BUTANYERERA,Ngozi,Buye,Buye,colline
BUTANYERERA,Ngozi,Buye,Hayiro,colline
BUTANYERERA,Ngozi,Buye,Muremera,colline
BUTANYERERA,Ngozi,Buye,Mushitsi,colline
BUTANYERERA,Ngozi,Buye,Nyarugunda,colline
BUTANYERERA,Ngozi,Buye,Nzove,colline
BUTANYERERA,Ngozi,Gatsinda,Buhanda,colline
BUTANYERERA,Ngozi,Gatsinda,Buziragahama,colline
BUTANYERERA,Ngozi,Gatsinda,Gatsinda,colline
BUTANYERERA,Ngozi,Gatsinda,Gitundwe,colline
BUTANYERERA,Ngozi,Gatsinda,Kayanza,colline
BUTANYERERA,Ngozi,Gatsinda,Kibindi,colline
BUTANYERERA,Ngozi,Gatsinda,Murama,colline
BUTANYERERA,Ngozi,Gatsinda,Rukurazo,colline
BUTANYERERA,Ngozi,Gatsinda,Rwarangabo,colline
BUTANYERERA,Ngozi,Gatsinda,Sabanerwa,colline
BUTANYERERA,Ngozi,Makaba,Gihoma,colline
BUTANYERERA,Ngozi,Makaba,Kivuzo,colline
BUTANYERERA,Ngozi,Makaba,Makaba,colline
BUTANYERERA,Ngozi,Makaba,Nkero,colline
BUTANYERERA,Ngozi,Makaba,Rwahirwa,colline
BUTANYERERA,Ngozi,Mivo,Cigumije,colline
BUTANYERERA,Ngozi,Mivo,Gasebeyi,colline
BUTANYERERA,Ngozi,Mivo,Gitwenzi,colline
BUTANYERERA,Ngozi,Mivo,Hina,colline
BUTANYERERA,Ngozi,Mivo,Kambati,colline
BUTANYERERA,Ngozi,Mivo,Kiruri,colline
BUTANYERERA,Ngozi,Mivo,Mirango,colline
BUTANYERERA,Ngozi,Mivo,Mivo,colline
BUTANYERERA,Ngozi,Mivo,Mwungere,colline
BUTANYERERA,Ngozi,Mubuga,Bwiza,colline
BUTANYERERA,Ngozi,Mubuga,Gahengeri,colline
BUTANYERERA,Ngozi,Mubuga,Kavumu,colline
BUTANYERERA,Ngozi,Mubuga,Kayogoro,colline
BUTANYERERA,Ngozi,Mubuga,Mubuga,colline
BUTANYERERA,Ngozi,Mubuga,Nyaruntana,colline
BUTANYERERA,Ngozi,Mubuga,Sare,colline
BUTANYERERA,Ngozi,Mubuga,Shango,colline
BUTANYERERA,Ngozi,Mugomera,Burima,colline
BUTANYERERA,Ngozi,Mugomera,Kimenyi,colline
BUTANYERERA,Ngozi,Mugomera,Mugomera,colline
BUTANYERERA,Ngozi,Mugomera,Ntaho,colline
BUTANYERERA,Ngozi,Mugomera,Nyabihanga,colline
BUTANYERERA,Ngozi,Mugomera,Nyanza,colline
BUTANYERERA,Ngozi,Mugomera,Ruhongore,colline
BUTANYERERA,Ngozi,Mwumba,Bugorora,colline
BUTANYERERA,Ngozi,Mwumba,Gakenke,colline
BUTANYERERA,Ngozi,Mwumba,Gihama,colline
BUTANYERERA,Ngozi,Mwumba,Gitasi,colline
BUTANYERERA,Ngozi,Mwumba,Kabasazi,colline
BUTANYERERA,Ngozi,Mwumba,Kagozi,colline
BUTANYERERA,Ngozi,Mwumba,Karungura,colline
BUTANYERERA,Ngozi,Mwumba,Ntembe,colline
BUTANYERERA,Ngozi,Ngozi,Camugani,quartier
BUTANYERERA,Ngozi,Ngozi,Gabiro,quartier
BUTANYERERA,Ngozi,Ngozi,Gisagara,quartier
BUTANYERERA,Ngozi,Ngozi,Kanyami,quartier
BUTANYERERA,Ngozi,Ngozi,Kinyami,quartier
BUTANYERERA,Ngozi,Ngozi,Muremera,quartier
BUTANYERERA,Ngozi,Ngozi,Rubuye,quartier
BUTANYERERA,Ngozi,Ngozi,Rusuguti,quartier
BUTANYERERA,Ngozi,Ngozi,Shikiro,quartier
BUTANYERERA,Ngozi,Rukeco,Gatika,colline
BUTANYERERA,Ngozi,Rukeco,Kavumu,colline
BUTANYERERA,Ngozi,Rukeco,Kimagara,colline
BUTANYERERA,Ngozi,Rukeco,Mpondogoto,colline
BUTANYERERA,Ngozi,Rukeco,Murambi,colline
BUTANYERERA,Ngozi,Rukeco,Nyabizinu,colline
BUTANYERERA,Ngozi,Rukeco,Rumbaga,colline
BUTANYERERA,Ngozi,Rwabiriro,Burenza,colline
BUTANYERERA,Ngozi,Rwabiriro,Butaganda,colline
BUTANYERERA,Ngozi,Rwabiriro,Cahi,colline
BUTANYERERA,Ngozi,Rwabiriro,Kabataha,colline
BUTANYERERA,Ngozi,Rwabiriro,Rwabiriro,colline
BUTANYERERA,Tangara,Gasezerwa,Cumba,colline
BUTANYERERA,Tangara,Gasezerwa,Gitaramuka,colline
BUTANYERERA,Tangara,Gasezerwa,Mwika,colline
BUTANYERERA,Tangara,Gasezerwa,Nkanda,colline
BUTANYERERA,Tangara,Gasezerwa,Nyankurazo,colline
BUTANYERERA,Tangara,Gasezerwa,Nyarugati,colline
BUTANYERERA,Tangara,Gashikanwa,Cihonda,colline
BUTANYERERA,Tangara,Gashikanwa,Gashikanwa,colline
BUTANYERERA,Tangara,Gashikanwa,Kivumu,colline
BUTANYERERA,Tangara,Gashikanwa,Maruri,colline
BUTANYERERA,Tangara,Gashikanwa,Nini,colline
BUTANYERERA,Tangara,Gashikanwa,Rwizingwe,colline
BUTANYERERA,Tangara,Gatobo,Buhoro,colline
BUTANYERERA,Tangara,Gatobo,Butaganda,colline
BUTANYERERA,Tangara,Gatobo,Gitanga,colline
BUTANYERERA,Tangara,Gatobo,Musumba,colline
BUTANYERERA,Tangara,Gatobo,Ruhengeri,colline
BUTANYERERA,Tangara,Gatobo,Sigi,colline
BUTANYERERA,Tangara,Kabuye,Buganuka,colline
BUTANYERERA,Tangara,Kabuye,Kabuye,colline
BUTANYERERA,Tangara,Kabuye,Mubira,colline
BUTANYERERA,Tangara,Kabuye,Mukoni,colline
BUTANYERERA,Tangara,Kabuye,Mutobo,colline
BUTANYERERA,Tangara,Kabuye,Nyakibingo,colline
BUTANYERERA,Tangara,Kabuye,Nyamugari,colline
BUTANYERERA,Tangara,Kabuye,Rimiro,colline
BUTANYERERA,Tangara,Kabuye,Ruyaga,colline
BUTANYERERA,Tangara,Kananira,Kamira,colline
BUTANYERERA,Tangara,Kananira,Kananira,colline
BUTANYERERA,Tangara,Kananira,Muramba,colline
BUTANYERERA,Tangara,Kananira,Rugabo,colline
BUTANYERERA,Tangara,Kananira,Runini,colline
BUTANYERERA,Tangara,Kananira,Ruyogoro,colline
BUTANYERERA,Tangara,Mubanga,Gitwenzi,colline
BUTANYERERA,Tangara,Mubanga,Kimerejana,colline
BUTANYERERA,Tangara,Mubanga,Mihigo,colline
BUTANYERERA,Tangara,Mubanga,Mubanga,colline
BUTANYERERA,Tangara,Mubanga,Muhama,colline
BUTANYERERA,Tangara,Mubanga,Ntiba,colline
BUTANYERERA,Tangara,Musenyi,Bomba,colline
BUTANYERERA,Tangara,Musenyi,Gitwa,colline
BUTANYERERA,Tangara,Musenyi,Mafu,colline
BUTANYERERA,Tangara,Musenyi,Mirango,colline
BUTANYERERA,Tangara,Musenyi,Mugirampeke,colline
BUTANYERERA,Tangara,Musenyi,Musakazi,colline
BUTANYERERA,Tangara,Musenyi,Musenyi,colline
BUTANYERERA,Tangara,Musenyi,Nyagasebeyi,colline
BUTANYERERA,Tangara,Musenyi,Rushoka,colline
BUTANYERERA,Tangara,Musenyi,Ruyaga,colline
BUTANYERERA,Tangara,Ngoma,Butaha,colline
BUTANYERERA,Tangara,Ngoma,Gatukuza,colline
BUTANYERERA,Tangara,Ngoma,Kabamba,colline
BUTANYERERA,Tangara,Ngoma,Ngoma,colline
BUTANYERERA,Tangara,Ngoma,Rutanga,colline
BUTANYERERA,Tangara,Nyagatovu,Butezi,colline
BUTANYERERA,Tangara,Nyagatovu,Gikingo,colline
BUTANYERERA,Tangara,Nyagatovu,Kibande,colline
BUTANYERERA,Tangara,Nyagatovu,Mashitsi,colline
BUTANYERERA,Tangara,Nyagatovu,Nyagatovu,colline
BUTANYERERA,Tangara,Nyagatovu,Rukongwa,colline
BUTANYERERA,Tangara,Remera,Gatare,colline
BUTANYERERA,Tangara,Remera,Mafuro,colline
BUTANYERERA,Tangara,Remera,Remera,colline
BUTANYERERA,Tangara,Remera,Rusengo,colline
BUTANYERERA,Tangara,Remera,Rutambwe,colline
BUTANYERERA,Tangara,Remera,Sabunda,colline
BUTANYERERA,Tangara,Ruhororo,Bucamihigo,colline
BUTANYERERA,Tangara,Ruhororo,Buniha,colline
BUTANYERERA,Tangara,Ruhororo,Cagura,colline
BUTANYERERA,Tangara,Ruhororo,Gitamo,colline
BUTANYERERA,Tangara,Ruhororo,Gitanga,colline
BUTANYERERA,Tangara,Ruhororo,Gitaramuka,colline
BUTANYERERA,Tangara,Ruhororo,Kagoma,colline
BUTANYERERA,Tangara,Ruhororo,Kinyami,colline
BUTANYERERA,Tangara,Ruhororo,Rwamiko,colline
BUTANYERERA,Tangara,Taba,Banda,colline
BUTANYERERA,Tangara,Taba,Giturwe,colline
BUTANYERERA,Tangara,Taba,Kobero,colline
BUTANYERERA,Tangara,Taba,Nkoto,colline
BUTANYERERA,Tangara,Taba,Nyarunazi,colline
BUTANYERERA,Tangara,Taba,Nyinya,colline
BUTANYERERA,Tangara,Taba,Ryarunyinya,colline
BUTANYERERA,Tangara,Tangara,Bwitoyi,colline
BUTANYERERA,Tangara,Tangara,Gasekanya,colline
BUTANYERERA,Tangara,Tangara,Gisura,colline
BUTANYERERA,Tangara,Tangara,Kigomero,colline
BUTANYERERA,Tangara,Tangara,Kiruhura,colline
BUTANYERERA,Tangara,Tangara,Mbasi,colline
BUTANYERERA,Tangara,Tangara,Myando,colline
BUTANYERERA,Tangara,Tangara,Ngendo,colline
BUTANYERERA,Tangara,Tangara,Nyakabanda,colline
GITEGA,Bugendana,Bitare,Bitare,colline
GITEGA,Bugendana,Bitare,Carire,colline
GITEGA,Bugendana,Bitare,Gaterama,colline
GITEGA,Bugendana,Bitare,Gitongo,colline
GITEGA,Bugendana,Bitare,Kibasi,colline
GITEGA,Bugendana,Bitare,Kibungo,colline
GITEGA,Bugendana,Bitare,Runyeri,colline
GITEGA,Bugendana,Bugendana,Cishwa,colline
GITEGA,Bugendana,Bugendana,Jenda,colline
GITEGA,Bugendana,Bugendana,Mugitega,colline
GITEGA,Bugendana,Bugendana,Mukoro,colline
GITEGA,Bugendana,Bugendana,Mwurire,colline
GITEGA,Bugendana,Bugendana,Nkanda,colline
GITEGA,Bugendana,Bugendana,Rwingiri,colline
GITEGA,Bugendana,Gitongo,Gitongo,colline
GITEGA,Bugendana,Gitongo,Masango,colline
GITEGA,Bugendana,Gitongo,Muririmbo,colline
GITEGA,Bugendana,Gitongo,Muyange,colline
GITEGA,Bugendana,Gitongo,Muzenga,colline
GITEGA,Bugendana,Gitongo,Mwumba,colline
GITEGA,Bugendana,Gitongo,Nkongwe,colline
GITEGA,Bugendana,Mugera,Gitora,colline
GITEGA,Bugendana,Mugera,Mirama,colline
GITEGA,Bugendana,Mugera,Nyamagana,colline
GITEGA,Bugendana,Mugera,Rushanga,colline
GITEGA,Bugendana,Mutaho,Bigera,colline
GITEGA,Bugendana,Mutaho,Mushikanwa,colline
GITEGA,Bugendana,Mutaho,Mutaho,colline
GITEGA,Bugendana,Mutaho,Nyabisaka,colline
GITEGA,Bugendana,Mutaho,Nyangungu,colline
GITEGA,Bugendana,Mutaho,Bigera,quartier
GITEGA,Bugendana,Mutaho,Kigwati,quartier
GITEGA,Bugendana,Mutoyi,Mutoyi,colline
GITEGA,Bugendana,Mutoyi,Kivuvu,colline
GITEGA,Bugendana,Mutoyi,Nyagisenyi,colline
GITEGA,Bugendana,Mutoyi,Nyakeru,colline
GITEGA,Bugendana,Rwisabi,Gerangabo,colline
GITEGA,Bugendana,Rwisabi,Kidasha,colline
GITEGA,Bugendana,Rwisabi,Kinyinya,colline
GITEGA,Bugendana,Rwisabi,Kivoga,colline
GITEGA,Bugendana,Rwisabi,Ngoma,colline
GITEGA,Bugendana,Rwisabi,Nzove,colline
GITEGA,Bugendana,Rwisabi,Rurengera,colline
GITEGA,Gishubi,Bukirasazi,Bukirasazi,colline
GITEGA,Gishubi,Bukirasazi,Migano,colline
GITEGA,Gishubi,Bukirasazi,Mpingwe,colline
GITEGA,Gishubi,Bukirasazi,Nyambuye,colline
GITEGA,Gishubi,Bukirasazi,Rugoma,colline
GITEGA,Gishubi,Bukirasazi,Rwinyana,colline
GITEGA,Gishubi,Bukirasazi,Shaya,colline
GITEGA,Gishubi,Bukoro,Bihomvora,colline
GITEGA,Gishubi,Bukoro,Bikingi,colline
GITEGA,Gishubi,Bukoro,Bukoro,colline
GITEGA,Gishubi,Bukoro,Jurwe,colline
GITEGA,Gishubi,Bukoro,Masare,colline
GITEGA,Gishubi,Bukoro,Muhororo,colline
GITEGA,Gishubi,Buraza,Bubaji,colline
GITEGA,Gishubi,Buraza,Buraza,colline
GITEGA,Gishubi,Buraza,Buriza,colline
GITEGA,Gishubi,Buraza,Gicumbi,colline
GITEGA,Gishubi,Buraza,Kabumbe,colline
GITEGA,Gishubi,Buraza,Musebeyi,colline
GITEGA,Gishubi,Buraza,Ndava,colline
GITEGA,Gishubi,Butezi,Butemba,colline
GITEGA,Gishubi,Butezi,Butezi,colline
GITEGA,Gishubi,Butezi,Muyange,colline
GITEGA,Gishubi,Butezi,Ndago,colline
GITEGA,Gishubi,Gishubi,Bukwavu,colline
GITEGA,Gishubi,Gishubi,Gishubi,colline
GITEGA,Gishubi,Gishubi,Mugozi,colline
GITEGA,Gishubi,Gishubi,Muhuzu,colline
GITEGA,Gishubi,Gishubi,Munyinya,colline
GITEGA,Gishubi,Gishubi,Nyakigina,colline
GITEGA,Gishubi,Gishubi,Remera,colline
GITEGA,Gishubi,Gishubi,Ruhande,colline
GITEGA,Gishubi,Kavumu,Kibagara,colline
GITEGA,Gishubi,Kavumu,Kibaya,colline
GITEGA,Gishubi,Kavumu,Kinyonzo,colline
GITEGA,Gishubi,Kavumu,Mahonda,colline
GITEGA,Gishubi,Kavumu,Murama,colline
GITEGA,Gishubi,Kavumu,Nyakarambo,colline
GITEGA,Gishubi,Kavumu,Nyamugari,colline
GITEGA,Gishubi,Kibere,Bunyuka,colline
GITEGA,Gishubi,Kibere,Kibere,colline
GITEGA,Gishubi,Kibere,Nyamisure,colline
GITEGA,Gishubi,Kibere,Rugabano,colline
GITEGA,Gishubi,Kibere,Rukoki,colline
GITEGA,Gishubi,Kibuye,Buhanda,colline
GITEGA,Gishubi,Kibuye,Gasongati,colline
GITEGA,Gishubi,Kibuye,Kibuye,colline
GITEGA,Gishubi,Kibuye,Ruhinda,colline
GITEGA,Gishubi,Kibuye,Ruvumu,colline
GITEGA,Gishubi,Kibuye,Tema,colline
GITEGA,Gishubi,Mahonda,Bibate,colline
GITEGA,Gishubi,Mahonda,Bugega,colline
GITEGA,Gishubi,Mahonda,Gisura,colline
GITEGA,Gishubi,Mahonda,Gitaramuka,colline
GITEGA,Gishubi,Mahonda,Mahonda,colline
GITEGA,Gishubi,Mahonda,Maza,colline
GITEGA,Gishubi,Mahonda,Mugano,colline
GITEGA,Gishubi,Mahonda,Rweza,colline
GITEGA,Gishubi,Mugaruro,Bucana,colline
GITEGA,Gishubi,Mugaruro,Gatare,colline
GITEGA,Gishubi,Mugaruro,Gatoze,colline
GITEGA,Gishubi,Mugaruro,Kejari,colline
GITEGA,Gishubi,Mugaruro,Mikore,colline
GITEGA,Gishubi,Mugaruro,Mugaruro,colline
GITEGA,Gishubi,Mugaruro,Muhagaze,colline
GITEGA,Gishubi,Mugaruro,Mujejuru,colline
GITEGA,Gishubi,Mugaruro,Rukiga,colline
GITEGA,Gishubi,Mugaruro,Rwitamba,colline
GITEGA,Gishubi,Murambi,Gahembe,colline
GITEGA,Gishubi,Murambi,Gatwaro,colline
GITEGA,Gishubi,Murambi,Gitaramuka,colline
GITEGA,Gishubi,Murambi,Murambi,colline
GITEGA,Gishubi,Nyabiraba,Cimba,colline
GITEGA,Gishubi,Nyabiraba,Kayogoro,colline
GITEGA,Gishubi,Nyabiraba,Murangara,colline
GITEGA,Gishubi,Nyabiraba,Murehe,colline
GITEGA,Gishubi,Nyabiraba,Ntunda,colline
GITEGA,Gishubi,Nyabiraba,Nyamutobo,colline
GITEGA,Gishubi,Nyabiraba,Yanza,colline
GITEGA,Gishubi,Nyabitanga,Gikuka,colline
GITEGA,Gishubi,Nyabitanga,Kigomera,colline
GITEGA,Gishubi,Nyabitanga,Kigufi,colline
GITEGA,Gishubi,Nyabitanga,Musenga,colline
GITEGA,Gishubi,Nyabitanga,Ndago,colline
GITEGA,Gishubi,Nyabitanga,Nyakinazi,colline
GITEGA,Gishubi,Nyabitanga,Nyamirama,colline
GITEGA,Gishubi,Nyabitanga,Nyamugari,colline
GITEGA,Gishubi,Nyabitanga,Rurimbi,colline
GITEGA,Gishubi,Nyarusange,Biziya,colline
GITEGA,Gishubi,Nyarusange,Gasenyi,colline
GITEGA,Gishubi,Nyarusange,Kabimba,colline
GITEGA,Gishubi,Nyarusange,Kigara,colline
GITEGA,Gishubi,Nyarusange,Muzima,colline
GITEGA,Gishubi,Nyarusange,Nyarubenga,colline
GITEGA,Gishubi,Nyarusange,Tye,colline
GITEGA,Gishubi,Ryansoro,Mirango,colline
GITEGA,Gishubi,Ryansoro,Murenge,colline
GITEGA,Gishubi,Ryansoro,Ngaruzwa,colline
GITEGA,Gishubi,Ryansoro,Ntunda,colline
GITEGA,Gishubi,Ryansoro,Nyentambwe,colline
GITEGA,Gishubi,Ryansoro,Rusaga,colline
GITEGA,Gitega,Buhevyi,Buhoro,colline
GITEGA,Gitega,Buhevyi,Kagoma,colline
GITEGA,Gitega,Buhevyi,Kanyonga,colline
GITEGA,Gitega,Buhevyi,Rukobe,colline
GITEGA,Gitega,Buhevyi,Rutegama,colline
GITEGA,Gitega,Buhinda,Buhinda,colline
GITEGA,Gitega,Buhinda,Gihamagara,colline
GITEGA,Gitega,Buhinda,Kibogoye,colline
GITEGA,Gitega,Buhinda,Kirambi,colline
GITEGA,Gitega,Buhinda,Kiremba,colline
GITEGA,Gitega,Buhinda,Kugitega,colline
GITEGA,Gitega,Buhinda,Mugomera,colline
GITEGA,Gitega,Buhinda,Peniyere,colline
GITEGA,Gitega,Buhinda,Ruhanza,colline
GITEGA,Gitega,Giheta,Bihororo,colline
GITEGA,Gitega,Giheta,Gisuru,colline
GITEGA,Gitega,Giheta,Kibogoye,colline
GITEGA,Gitega,Giheta,Kiremera,colline
GITEGA,Gitega,Giheta,Korane,colline
GITEGA,Gitega,Giheta,Muremera,colline
GITEGA,Gitega,Giheta,Ruhanza,colline
GITEGA,Gitega,Giheta,Rutegama,colline
GITEGA,Gitega,Itaba,Butare,colline
GITEGA,Gitega,Itaba,Gisikara,colline
GITEGA,Gitega,Itaba,Itaba,colline
GITEGA,Gitega,Itaba,Kanyinya,colline
GITEGA,Gitega,Itaba,Karemba,colline
GITEGA,Gitega,Itaba,Kinyaruko,colline
GITEGA,Gitega,Itaba,Macu,colline
GITEGA,Gitega,Itaba,Mutanga,colline
GITEGA,Gitega,Itaba,Nkima,colline
GITEGA,Gitega,Kabanga,Gihehe,colline
GITEGA,Gitega,Kabanga,Gihuga,colline
GITEGA,Gitega,Kabanga,Kaguhu,colline
GITEGA,Gitega,Kabanga,Kibimba,colline
GITEGA,Gitega,Kabanga,Muray,colline
GITEGA,Gitega,Kabanga,Musama,colline
GITEGA,Gitega,Kabanga,Muyange,colline
GITEGA,Gitega,Kabanga,Nyamugari,colline
GITEGA,Gitega,Kabanga,Rweru,colline
GITEGA,Gitega,Kiriba,Gasunu,colline
GITEGA,Gitega,Kiriba,Gisarara,colline
GITEGA,Gitega,Kiriba,Gishuha,colline
GITEGA,Gitega,Kiriba,Kamonyi,colline
GITEGA,Gitega,Kiriba,Kibande,colline
GITEGA,Gitega,Kiriba,Kiriba,colline
GITEGA,Gitega,Kiriba,Masasu,colline
GITEGA,Gitega,Kiriba,Rubarasi,colline
GITEGA,Gitega,Kiriba,Rwingiri,colline
GITEGA,Gitega,Makebuko,Bugumbasha,colline
GITEGA,Gitega,Makebuko,Gasasa,colline
GITEGA,Gitega,Makebuko,Kagege,colline
GITEGA,Gitega,Makebuko,Makebuko,colline
GITEGA,Gitega,Makebuko,Mavuvu,colline
GITEGA,Gitega,Makebuko,Ngundu,colline
GITEGA,Gitega,Makebuko,Ntita,colline
GITEGA,Gitega,Makebuko,Rwanda,colline
GITEGA,Gitega,Makebuko,Rwesero,colline
GITEGA,Gitega,Maramvya,Buga,colline
GITEGA,Gitega,Maramvya,Janja,colline
GITEGA,Gitega,Maramvya,Karoba,colline
GITEGA,Gitega,Maramvya,Kiyange,colline
GITEGA,Gitega,Maramvya,Murago,colline
GITEGA,Gitega,Maramvya,Musave,colline
GITEGA,Gitega,Maramvya,Muyange,colline
GITEGA,Gitega,Maramvya,Rusagara,colline
GITEGA,Gitega,Maramvya,Rwezamenyo,colline
GITEGA,Gitega,Maramvya,Simba,colline
GITEGA,Gitega,Mariza,Bukinga,colline
GITEGA,Gitega,Mariza,Kanyinya,colline
GITEGA,Gitega,Mariza,Mitimire,colline
GITEGA,Gitega,Mariza,Mubuga,colline
GITEGA,Gitega,Mariza,Nyarunazi,colline
GITEGA,Gitega,Mubuga,Bukwazo,colline
GITEGA,Gitega,Mubuga,Karenda,colline
GITEGA,Gitega,Mubuga,Kimanama,colline
GITEGA,Gitega,Mubuga,Mirama,colline
GITEGA,Gitega,Mubuga,Mubuga,colline
GITEGA,Gitega,Mubuga,Mukanda,colline
GITEGA,Gitega,Mubuga,Murirwe,colline
GITEGA,Gitega,Mubuga,Ngobeke,colline
GITEGA,Gitega,Mungwa,Bihanga,colline
GITEGA,Gitega,Mungwa,Kibiri,colline
GITEGA,Gitega,Mungwa,Rutoke,colline
GITEGA,Gitega,Mungwa,Rweza,colline
GITEGA,Gitega,Mungwa,Butamuheba,quartier
GITEGA,Gitega,Mungwa,Jimbi,quartier
GITEGA,Gitega,Mungwa,Karera,quartier
GITEGA,Gitega,Mungwa,Mugoboka,quartier
GITEGA,Gitega,Mungwa,Mungwa,quartier
GITEGA,Gitega,Mungwa,Ntobwe,quartier
GITEGA,Gitega,Murenda,Butobwe,colline
GITEGA,Gitega,Murenda,Gasagara,colline
GITEGA,Gitega,Murenda,Gasenyi,colline
GITEGA,Gitega,Murenda,Muhororo,colline
GITEGA,Gitega,Murenda,Murenda,colline
GITEGA,Gitega,Murenda,Mwanzari,colline
GITEGA,Gitega,Murenda,Mwumba,colline
GITEGA,Gitega,Murenda,Nyamagandika,colline
GITEGA,Gitega,Murenda,Rutanganika,colline
GITEGA,Gitega,Nyamugari,Bwoga,quartier
GITEGA,Gitega,Nyamugari,Magarama,quartier
GITEGA,Gitega,Nyamugari,Musave,quartier
GITEGA,Gitega,Nyamugari,Mushasha,quartier
GITEGA,Gitega,Nyamugari,Musinzira,quartier
GITEGA,Gitega,Nyamugari,Nyabisindu,quartier
GITEGA,Gitega,Nyamugari,Nyabututsi,quartier
GITEGA,Gitega,Nyamugari,Nyamugari,quartier
GITEGA,Gitega,Nyamugari,Rango,quartier
GITEGA,Gitega,Nyamugari,Shatanya,quartier
GITEGA,Gitega,Nyamugari,Yoba,quartier
GITEGA,Gitega,Rutegama,Higiro,colline
GITEGA,Gitega,Rutegama,Gitamo,colline
GITEGA,Gitega,Rutegama,Nyakibingo,colline
GITEGA,Gitega,Rutegama,Birohe,quartier
GITEGA,Gitega,Rutegama,Ceru,quartier
GITEGA,Gitega,Rutegama,Mahonda,quartier
GITEGA,Gitega,Rutegama,Mugutu,quartier
GITEGA,Gitega,Rutegama,Rubarasi,quartier
GITEGA,Gitega,Rutegama,Rukoba,quartier
GITEGA,Gitega,Rutegama,Rutegama,quartier
GITEGA,Gitega,Rutegama,Songa,quartier
GITEGA,Gitega,Rutegama,Zege,quartier
GITEGA,Gitega,Rutegama,Rubamvyi,colline
GITEGA,Karusi,Bugenyuzi,Bugenyuzi,colline
GITEGA,Karusi,Bugenyuzi,Canzikiro,colline
GITEGA,Karusi,Bugenyuzi,Cuba,colline
GITEGA,Karusi,Bugenyuzi,Gashanga,colline
GITEGA,Karusi,Bugenyuzi,Kanazi,colline
GITEGA,Karusi,Bugenyuzi,Kigufi,colline
GITEGA,Karusi,Bugenyuzi,Kiranda,colline
GITEGA,Karusi,Bugenyuzi,Muramba,colline
GITEGA,Karusi,Bugenyuzi,Muyange,colline
GITEGA,Karusi,Bugenyuzi,Nyagoba,colline
GITEGA,Karusi,Buhiga,Buhiga,colline
GITEGA,Karusi,Buhiga,Gitanga,colline
GITEGA,Karusi,Buhiga,Karunyinya,colline
GITEGA,Karusi,Buhiga,Magamba,colline
GITEGA,Karusi,Buhiga,Mwoya,colline
GITEGA,Karusi,Buhiga,Nzibariba,colline
GITEGA,Karusi,Buhiga,Ramvya,colline
GITEGA,Karusi,Buhiga,Ruvumu,colline
GITEGA,Karusi,Buhiga,Rwingoma,colline
GITEGA,Karusi,Buhindye,Buhindye,colline
GITEGA,Karusi,Buhindye,Gishikanwa,colline
GITEGA,Karusi,Buhindye,Kidahwe,colline
GITEGA,Karusi,Buhindye,Nyamirambo,colline
GITEGA,Karusi,Buhindye,Rwandagaro,colline
GITEGA,Karusi,Buhindye,Teme,colline
GITEGA,Karusi,Buhinyuza,Buhinyuza,colline
GITEGA,Karusi,Buhinyuza,Bushirambeho,colline
GITEGA,Karusi,Buhinyuza,Gisenyi,colline
GITEGA,Karusi,Buhinyuza,Kanyange,colline
GITEGA,Karusi,Buhinyuza,Nkoronko,colline
GITEGA,Karusi,Buhinyuza,Rutegama,colline
GITEGA,Karusi,Cirambo,Cirambo,colline
GITEGA,Karusi,Cirambo,Kinyota,colline
GITEGA,Karusi,Cirambo,Kiyange,colline
GITEGA,Karusi,Cirambo,Maramvya,colline
GITEGA,Karusi,Cirambo,Rusagara,colline
GITEGA,Karusi,Cirambo,Rwizingwe,colline
GITEGA,Karusi,Gisimbawaga,Butaha,colline
GITEGA,Karusi,Gisimbawaga,Gasera,colline
GITEGA,Karusi,Gisimbawaga,Gisimbawaga,colline
GITEGA,Karusi,Gisimbawaga,Kibuye,colline
GITEGA,Karusi,Gisimbawaga,Mutara,colline
GITEGA,Karusi,Gitaramuka,Gasasa,colline
GITEGA,Karusi,Gitaramuka,Gitaramuka,colline
GITEGA,Karusi,Gitaramuka,Kagwa,colline
GITEGA,Karusi,Gitaramuka,Kibenga,colline
GITEGA,Karusi,Gitaramuka,Nyarutovu,colline
GITEGA,Karusi,Gitaramuka,Rubuga,colline
GITEGA,Karusi,Kibumbwe,Gasekanya,colline
GITEGA,Karusi,Kibumbwe,Kibumbwe,colline
GITEGA,Karusi,Kibumbwe,Mugende,colline
GITEGA,Karusi,Kibumbwe,Muvumu,colline
GITEGA,Karusi,Kibumbwe,Nyakabugu,colline
GITEGA,Karusi,Mayenzi,Burenza,colline
GITEGA,Karusi,Mayenzi,Cigati,colline
GITEGA,Karusi,Mayenzi,Gasenyi,colline
GITEGA,Karusi,Mayenzi,Karamba,colline
GITEGA,Karusi,Mayenzi,Mayenzi,colline
GITEGA,Karusi,Mayenzi,Rudaraza,colline
GITEGA,Karusi,Mayenzi,Rutonganikwa,colline
GITEGA,Karusi,Mayenzi,Ruyaga,colline
GITEGA,Karusi,Mayenzi,Shanga,colline
GITEGA,Karusi,Mubaragaza,Kigoma,colline
GITEGA,Karusi,Mubaragaza,Mubaragaza,colline
GITEGA,Karusi,Mubaragaza,Musenga,colline
GITEGA,Karusi,Mubaragaza,Sagara,colline
GITEGA,Karusi,Mubaragaza,Yagizo,colline
GITEGA,Karusi,Muhweza,Banda,colline
GITEGA,Karusi,Muhweza,Kajeri,colline
GITEGA,Karusi,Muhweza,Karuri,colline
GITEGA,Karusi,Muhweza,Muhweza,colline
GITEGA,Karusi,Muhweza,Nyamabega,colline
GITEGA,Karusi,Muhweza,Rukamba,colline
GITEGA,Karusi,Mutumba,Bibara,colline
GITEGA,Karusi,Mutumba,Kanyinya,colline
GITEGA,Karusi,Mutumba,Rabiro,colline
GITEGA,Karusi,Mutumba,Rwangara,colline
GITEGA,Karusi,Ntunda,Bikinga,colline
GITEGA,Karusi,Ntunda,Bugwana,colline
GITEGA,Karusi,Ntunda,Kigozi,colline
GITEGA,Karusi,Ntunda,Ngayane,colline
GITEGA,Karusi,Ntunda,Ntunda,colline
GITEGA,Karusi,Nyamugari,Kigoma,quartier
GITEGA,Karusi,Nyamugari,Kigwati,quartier
GITEGA,Karusi,Nyamugari,Nyamugari,quartier
GITEGA,Karusi,Nyamugari,Rubimba,quartier
GITEGA,Karusi,Nyaruhinda,Gahahe,colline
GITEGA,Karusi,Nyaruhinda,Gahashi,colline
GITEGA,Karusi,Nyaruhinda,Gitandu,colline
GITEGA,Karusi,Nyaruhinda,Nyaruhinda,colline
GITEGA,Karusi,Nyaruhinda,Ruhata,colline
GITEGA,Karusi,Rugazi,Bonero,colline
GITEGA,Karusi,Rugazi,Burenza,colline
GITEGA,Karusi,Rugazi,Mubaya,colline
GITEGA,Karusi,Rugazi,Munyinya,colline
GITEGA,Karusi,Rugazi,Rugazi,colline
GITEGA,Karusi,Rugazi,Rusengo,colline
GITEGA,Karusi,Rugazi,Tambi,colline
GITEGA,Kiganda,Buhangura,Buhangura,colline
GITEGA,Kiganda,Buhangura,Burenza,colline
GITEGA,Kiganda,Buhangura,Janga,colline
GITEGA,Kiganda,Buhangura,Masama,colline
GITEGA,Kiganda,Buhangura,Mubuga,colline
GITEGA,Kiganda,Buhangura,Rugari,colline
GITEGA,Kiganda,Gasura,Gasenyi,colline
GITEGA,Kiganda,Gasura,Kabuye,colline
GITEGA,Kiganda,Gasura,Kigabiro,colline
GITEGA,Kiganda,Gasura,Murehe,colline
GITEGA,Kiganda,Gasura,Nete,colline
GITEGA,Kiganda,Gasura,Taba,colline
GITEGA,Kiganda,Gatabo,Kivyeyi,colline
GITEGA,Kiganda,Gatabo,Martyazo,colline
GITEGA,Kiganda,Gatabo,Murambi,colline
GITEGA,Kiganda,Gatabo,Nyagisozi,colline
GITEGA,Kiganda,Gatabo,Gatabo,quartier
GITEGA,Kiganda,Kanyami,Gahweza,colline
GITEGA,Kiganda,Kanyami,Kanyami,colline
GITEGA,Kiganda,Kanyami,Musongati,colline
GITEGA,Kiganda,Kanyami,Ngara,colline
GITEGA,Kiganda,Kiganda,Burenza,colline
GITEGA,Kiganda,Kiganda,Kanerwa,colline
GITEGA,Kiganda,Kiganda,Kiganda,colline
GITEGA,Kiganda,Kiganda,Nkomwe,colline
GITEGA,Kiganda,Mushikamo,Bupfunda,colline
GITEGA,Kiganda,Mushikamo,Munyinya,colline
GITEGA,Kiganda,Mushikamo,Murinzi,colline
GITEGA,Kiganda,Mushikamo,Musave,colline
GITEGA,Kiganda,Mushikamo,Mushikamo,colline
GITEGA,Kiganda,Mushikamo,Nkonyovu,colline
GITEGA,Kiganda,Mushikamo,Nyakararo,colline
GITEGA,Kiganda,Mushikamo,Nyamitwenzi,colline
GITEGA,Kiganda,Renga,Kayange,colline
GITEGA,Kiganda,Renga,Renga,colline
GITEGA,Kiganda,Renga,Rubumba,colline
GITEGA,Kiganda,Renga,Ruvumu,colline
GITEGA,Kiganda,Rutegama,Bubanda,colline
GITEGA,Kiganda,Rutegama,Camumandu,colline
GITEGA,Kiganda,Rutegama,Cumba,colline
GITEGA,Kiganda,Rutegama,Gashingwa,colline
GITEGA,Kiganda,Rutegama,Kinyoni,colline
GITEGA,Kiganda,Rutegama,Marumane,colline
GITEGA,Kiganda,Rutegama,Munanira,colline
GITEGA,Kiganda,Rutegama,Nyarukere,colline
GITEGA,Kiganda,Rutegama,Nyarunazi,colline
GITEGA,Kiganda,Rutegama,Rutegama,colline
GITEGA,Kiganda,Rutegama,Buryohe,quartier
GITEGA,Kiganda,Rutegama,Gasange,quartier
GITEGA,Muramvya,Bugarama,Busimba,colline
GITEGA,Muramvya,Bugarama,Kibogoye,colline
GITEGA,Muramvya,Bugarama,Mpehe,colline
GITEGA,Muramvya,Bugarama,Bugarama,quartier
GITEGA,Muramvya,Bukeye,Gahaga,colline
GITEGA,Muramvya,Bukeye,Gikonge,colline
GITEGA,Muramvya,Bukeye,Kivogero,colline
GITEGA,Muramvya,Bukeye,Rweteto,colline
GITEGA,Muramvya,Bukeye,Shumba,colline
GITEGA,Muramvya,Kibumbu,Birwana,colline
GITEGA,Muramvya,Kibumbu,Buyaga,colline
GITEGA,Muramvya,Kibumbu,Kirika,colline
GITEGA,Muramvya,Kibumbu,Rabiro,colline
GITEGA,Muramvya,Kibumbu,Kibumbu,quartier
GITEGA,Muramvya,Mbuye,Kigina,colline
GITEGA,Muramvya,Mbuye,Kirembera,colline
GITEGA,Muramvya,Mbuye,Kiziba,colline
GITEGA,Muramvya,Mbuye,Mbuye,colline
GITEGA,Muramvya,Mbuye,Migezi,colline
GITEGA,Muramvya,Mbuye,Mugerera,colline
GITEGA,Muramvya,Mbuye,Murama,colline
GITEGA,Muramvya,Mbuye,Mwegera,colline
GITEGA,Muramvya,Mbuye,Nyakijwira,colline
GITEGA,Muramvya,Mbuye,Rwuya,colline
GITEGA,Muramvya,Mbuye,Teka,colline
GITEGA,Muramvya,Mbuye,Temere,colline
GITEGA,Muramvya,Muramvya,Biganda,colline
GITEGA,Muramvya,Muramvya,Burambana,colline
GITEGA,Muramvya,Muramvya,Masango,colline
GITEGA,Muramvya,Muramvya,Murambi,colline
GITEGA,Muramvya,Muramvya,Muramvya,colline
GITEGA,Muramvya,Muramvya,Musagara,colline
GITEGA,Muramvya,Muramvya,Mubarazi,quartier
GITEGA,Muramvya,Muramvya,Muramvya,quartier
GITEGA,Muramvya,Nyarucamo,Buhorwa,colline
GITEGA,Muramvya,Nyarucamo,Gaharo,colline
GITEGA,Muramvya,Nyarucamo,Kiziguro,colline
GITEGA,Muramvya,Nyarucamo,Musumba,colline
GITEGA,Muramvya,Nyarucamo,Nyarucamo,colline
GITEGA,Muramvya,Shombo,Gatwaro,colline
GITEGA,Muramvya,Shombo,Mirinzi,colline
GITEGA,Muramvya,Shombo,Mubira,colline
GITEGA,Muramvya,Shombo,Remera,colline
GITEGA,Muramvya,Shombo,Ruhinga,colline
GITEGA,Muramvya,Shombo,Shombo,colline
GITEGA,Mwaro,Bisoro,Buburu,colline
GITEGA,Mwaro,Bisoro,Gitaramuka,colline
GITEGA,Mwaro,Bisoro,Kiganda,colline
GITEGA,Mwaro,Bisoro,Mabaya,colline
GITEGA,Mwaro,Bisoro,Musumba,colline
GITEGA,Mwaro,Gatwe,Bwakira,colline
GITEGA,Mwaro,Gatwe,Kanyami,colline
GITEGA,Mwaro,Gatwe,Mago,colline
GITEGA,Mwaro,Gatwe,Maramvya,colline
GITEGA,Mwaro,Gatwe,Nyagitongati,colline
GITEGA,Mwaro,Gatwe,Nyamugari,colline
GITEGA,Mwaro,Gatwe,Rwuya,colline
GITEGA,Mwaro,Gisozi,Buburu,colline
GITEGA,Mwaro,Gisozi,Gisozi,colline
GITEGA,Mwaro,Gisozi,Kibimba,colline
GITEGA,Mwaro,Gisozi,Musivya,colline
GITEGA,Mwaro,Gisozi,Ndava,colline
GITEGA,Mwaro,Gisozi,Nyamiyaga,colline
GITEGA,Mwaro,Gisozi,Rweza,colline
GITEGA,Mwaro,Gisozi,Nyarukinya,quartier
GITEGA,Mwaro,Gisozi,Ruyange,quartier
GITEGA,Mwaro,Kanka,Buhabwa,colline
GITEGA,Mwaro,Kanka,Kanka,colline
GITEGA,Mwaro,Kanka,Kariba,colline
GITEGA,Mwaro,Kanka,Masango,colline
GITEGA,Mwaro,Kanka,Nyabisiga,colline
GITEGA,Mwaro,Kanka,Rubamvye,colline
GITEGA,Mwaro,Kayokwe,Benja,colline
GITEGA,Mwaro,Kayokwe,Kibogoye,colline
GITEGA,Mwaro,Kayokwe,Musama,colline
GITEGA,Mwaro,Kayokwe,Ruramba,colline
GITEGA,Mwaro,Kayokwe,Rusivya,colline
GITEGA,Mwaro,Kayokwe,Ruvumu,colline
GITEGA,Mwaro,Kayokwe,Saswe,colline
GITEGA,Mwaro,Makamba,Gasenyi,colline
GITEGA,Mwaro,Makamba,Kirambi,colline
GITEGA,Mwaro,Makamba,Makamba,colline
GITEGA,Mwaro,Makamba,Nyamiyaga,colline
GITEGA,Mwaro,Makamba,Nyamurenge,colline
GITEGA,Mwaro,Makamba,Rwintare,colline
GITEGA,Mwaro,Muyebe,Bisoro,colline
GITEGA,Mwaro,Muyebe,Gitunga,colline
GITEGA,Mwaro,Muyebe,Migende,colline
GITEGA,Mwaro,Muyebe,Murehe,colline
GITEGA,Mwaro,Muyebe,Muyebe,colline
GITEGA,Mwaro,Muyebe,Nyakibari,colline
GITEGA,Mwaro,Muyebe,Rwankangoma,colline
GITEGA,Mwaro,Mwaro,Bisha,colline
GITEGA,Mwaro,Mwaro,Gatare,colline
GITEGA,Mwaro,Mwaro,Gihinga,colline
GITEGA,Mwaro,Mwaro,Kizi,colline
GITEGA,Mwaro,Mwaro,Ngara,colline
GITEGA,Mwaro,Mwaro,Nkundusi,colline
GITEGA,Mwaro,Mwaro,Rurtyazo,colline
GITEGA,Mwaro,Mwaro,Gasumo,quartier
GITEGA,Mwaro,Mwaro,Kagoma,quartier
GITEGA,Mwaro,Mwaro,Ruvumera,quartier
GITEGA,Mwaro,Nyakararo,Butegana,colline
GITEGA,Mwaro,Nyakararo,Kiyange,colline
GITEGA,Mwaro,Nyakararo,Mugero,colline
GITEGA,Mwaro,Nyakararo,Musimbwe,colline
GITEGA,Mwaro,Nyakararo,Nyagahwabare,colline
GITEGA,Mwaro,Nyakararo,Nyakirwa,colline
GITEGA,Mwaro,Rorero,Kirika,colline
GITEGA,Mwaro,Rorero,Kivoga,colline
GITEGA,Mwaro,Rorero,Mashunzi,colline
GITEGA,Mwaro,Rorero,Munanira,colline
GITEGA,Nyabihanga,Fota,Fota,colline
GITEGA,Nyabihanga,Fota,Gahondo,colline
GITEGA,Nyabihanga,Fota,Gatsinga,colline
GITEGA,Nyabihanga,Fota,Kigarama,colline
GITEGA,Nyabihanga,Fota,Ngorore,colline
GITEGA,Nyabihanga,Kibungere,Buhogo,colline
GITEGA,Nyabihanga,Kibungere,Kavumu,colline
GITEGA,Nyabihanga,Kibungere,Kibungere,colline
GITEGA,Nyabihanga,Kibungere,Martyazo,colline
GITEGA,Nyabihanga,Kibungere,Musongati,colline
GITEGA,Nyabihanga,Kibungere,Muyebe,colline
GITEGA,Nyabihanga,Matongo,Kamushiha,colline
GITEGA,Nyabihanga,Matongo,Matongo,colline
GITEGA,Nyabihanga,Matongo,Ngoro,colline
GITEGA,Nyabihanga,Matongo,Nyabisaka,colline
GITEGA,Nyabihanga,Matongo,Nyamurenge,colline
GITEGA,Nyabihanga,Mbogora,Butegeye,colline
GITEGA,Nyabihanga,Mbogora,Gihoma,colline
GITEGA,Nyabihanga,Mbogora,Kivomwa,colline
GITEGA,Nyabihanga,Mbogora,Mbogora,colline
GITEGA,Nyabihanga,Mbogora,Migera,colline
GITEGA,Nyabihanga,Mbogora,Muhaganya,colline
GITEGA,Nyabihanga,Mbogora,Muyange,colline
GITEGA,Nyabihanga,Mbogora,Nyarubayi,colline
GITEGA,Nyabihanga,Munago,Gitaramuka,colline
GITEGA,Nyabihanga,Munago,Kibogoye,colline
GITEGA,Nyabihanga,Munago,Kibungo,colline
GITEGA,Nyabihanga,Munago,Magamba,colline
GITEGA,Nyabihanga,Munago,Munago,colline
GITEGA,Nyabihanga,Munago,Nyamitore,colline
GITEGA,Nyabihanga,Murago,Bugera,colline
GITEGA,Nyabihanga,Murago,Higiro,colline
GITEGA,Nyabihanga,Murago,Kabogi,colline
GITEGA,Nyabihanga,Murago,Murago,colline
GITEGA,Nyabihanga,Murago,Rango,colline
GITEGA,Nyabihanga,Musama,Gisirtye,colline
GITEGA,Nyabihanga,Musama,Iteka,colline
GITEGA,Nyabihanga,Musama,Kirambi,colline
GITEGA,Nyabihanga,Musama,Musama,colline
GITEGA,Nyabihanga,Musama,Nyamibanga,colline
GITEGA,Nyabihanga,Ndava,Butazi,colline
GITEGA,Nyabihanga,Ndava,Gitaba,colline
GITEGA,Nyabihanga,Ndava,Mpanuka,colline
GITEGA,Nyabihanga,Ndava,Muyogoro,colline
GITEGA,Nyabihanga,Ndava,Ndava,colline
GITEGA,Nyabihanga,Nyabihanga,Gatwe,colline
GITEGA,Nyabihanga,Nyabihanga,Kivuzo,colline
GITEGA,Nyabihanga,Nyabihanga,Miterama,colline
GITEGA,Nyabihanga,Nyabihanga,Mubuga,colline
GITEGA,Nyabihanga,Nyabihanga,Murama,colline
GITEGA,Nyabihanga,Nyabihanga,Taba,colline
GITEGA,Nyabihanga,Nyarucamo,Bugorora,colline
GITEGA,Nyabihanga,Nyarucamo,Bunyange,colline
GITEGA,Nyabihanga,Nyarucamo,Kiga,colline
GITEGA,Nyabihanga,Nyarucamo,Nkurunzi,colline
GITEGA,Nyabihanga,Nyarucamo,Nyamigogo,colline
GITEGA,Nyabihanga,Rusaka,Gikebuka,colline
GITEGA,Nyabihanga,Rusaka,Kibimba,colline
GITEGA,Nyabihanga,Rusaka,Kiyege,colline
GITEGA,Nyabihanga,Rusaka,Martyazo,colline
GITEGA,Nyabihanga,Rusaka,Mpumbu,colline
GITEGA,Nyabihanga,Rusaka,Mureba,colline
GITEGA,Nyabihanga,Rusaka,Nyagashanga,colline
GITEGA,Nyabihanga,Rusaka,Nyamugari,colline
GITEGA,Nyabihanga,Rusaka,Rusaka,colline
GITEGA,Nyabihanga,Rusaka,Shana,colline
GITEGA,Nyabihanga,Rusaka,Gasekebuye,quartier
GITEGA,Nyabihanga,Rusaka,Gihini,quartier
GITEGA,Nyabihanga,Yanza,Kinyovu,colline
GITEGA,Nyabihanga,Yanza,Mahonda,colline
GITEGA,Nyabihanga,Yanza,Murambi,colline
GITEGA,Nyabihanga,Yanza,Namande,colline
GITEGA,Nyabihanga,Yanza,Rucunda,colline
GITEGA,Shombo,Gatonde,Gatonde,colline
GITEGA,Shombo,Gatonde,Gitibu,colline
GITEGA,Shombo,Gatonde,Mazita,colline
GITEGA,Shombo,Gatonde,Nyenzi,colline
GITEGA,Shombo,Gatonde,Ruvumu,colline
GITEGA,Shombo,Gatonde,Taba,colline
GITEGA,Shombo,Gihogazi,Bikinga,colline
GITEGA,Shombo,Gihogazi,Gihogazi,colline
GITEGA,Shombo,Gihogazi,Kibezi,colline
GITEGA,Shombo,Gihogazi,Mugero,colline
GITEGA,Shombo,Gihogazi,Murago,colline
GITEGA,Shombo,Gihogazi,Ramba,colline
GITEGA,Shombo,Gikombe,Butwe,colline
GITEGA,Shombo,Gikombe,Gaharo,colline
GITEGA,Shombo,Gikombe,Gikombe,colline
GITEGA,Shombo,Masabo,Kabwira,colline
GITEGA,Shombo,Masabo,Mugoboka,colline
GITEGA,Shombo,Masabo,Ruharo,colline
GITEGA,Shombo,Masabo,Rusasa,colline
GITEGA,Shombo,Masabo,Ruyogoro,colline
GITEGA,Shombo,Masabo,Rwimbogo,colline
GITEGA,Shombo,Masama,Butamenwa,colline
GITEGA,Shombo,Masama,Masama,colline
GITEGA,Shombo,Masama,Rugwiza,colline
GITEGA,Shombo,Masama,Ruhuma,colline
GITEGA,Shombo,Masama,Rwinka,colline
GITEGA,Shombo,Mugogo,Kizingoma,colline
GITEGA,Shombo,Mugogo,Mugogo,colline
GITEGA,Shombo,Mugogo,Ruvumu,colline
GITEGA,Shombo,Mugogo,Ruyaga,colline
GITEGA,Shombo,Mugogo,Taba,colline
GITEGA,Shombo,Munanira,Gahororo,colline
GITEGA,Shombo,Munanira,Kivoga,colline
GITEGA,Shombo,Munanira,Munanira,colline
GITEGA,Shombo,Munanira,Mushikanwa,colline
GITEGA,Shombo,Munanira,Ruganira,colline
GITEGA,Shombo,Munanira,Rutegama,colline
GITEGA,Shombo,Nyabibuye,Bukirasazi,colline
GITEGA,Shombo,Nyabibuye,Gatabo,colline
GITEGA,Shombo,Nyabibuye,Gitaramuka,colline
GITEGA,Shombo,Nyabibuye,Kiryama,colline
GITEGA,Shombo,Nyabibuye,Nyabibuye,colline
GITEGA,Shombo,Nyabikere,Maramvya,colline
GITEGA,Shombo,Nyabikere,Mbabazi,colline
GITEGA,Shombo,Nyabikere,Mubanga,colline
GITEGA,Shombo,Nyabikere,Ngugo,colline
GITEGA,Shombo,Nyabikere,Nyarunazi,colline
GITEGA,Shombo,Nyabikere,Ruyogoro,colline
GITEGA,Shombo,Nyabikere,Rwandagaro,colline
GITEGA,Shombo,Nyabikere,Gatamba,quartier
GITEGA,Shombo,Nyarurambi,Kigora,colline
GITEGA,Shombo,Nyarurambi,Kiyange,colline
GITEGA,Shombo,Nyarurambi,Muhigo,colline
GITEGA,Shombo,Nyarurambi,Muhororo,colline
GITEGA,Shombo,Rusamaza,Bihembe,colline
GITEGA,Shombo,Rusamaza,Gasenyi,colline
GITEGA,Shombo,Rusamaza,Gasivya,colline
GITEGA,Shombo,Rusamaza,Muzenga,colline
GITEGA,Shombo,Rusamaza,Nyamiyaga,colline
GITEGA,Shombo,Rusamaza,Rusamaza,colline
GITEGA,Shombo,Rusi,Kivoga,colline
GITEGA,Shombo,Rusi,Mujenjwa,colline
GITEGA,Shombo,Rusi,Rusi,colline
GITEGA,Shombo,Rusi,Shombo,colline
